SMILES;SLC6A19_score;SLC6A20_score;source
C;-2.8375;-2.54507;beide
C#CC1(OC(N)=O)CCCCC1;-5.61622;-7.26839;beide
C#CCN(C)Cc1ccccc1;-4.27586;-3.22097;beide
C#CCN[C@@H]1CCc2ccccc21;-3.90536;-4.26495;beide
C#CC[N@@H+](C)Cc1ccccc1;-4.54098;-3.50354;beide
C#CC[N@@H+](C)[C@H](C)Cc1ccccc1;-4.34759;-3.42945;beide
C#CC[N@H+](C)Cc1ccccc1;-5.27469;-4.52226;beide
C#CC[N@H+](C)[C@H](C)Cc1ccccc1;-4.32464;-4.00192;beide
C#CC[NH2+][C@@H]1CCc2ccccc21;-5.85544;-5.77951;beide
C#C[C@@](O)(/C=C/Cl)CC;-4.87739;-5.35709;beide
C#C[C@](O)(/C=C/Cl)CC;-4.81066;-5.17755;beide
C#Cc1c[n-]c(=O)[nH]c1=O;-4.71294;-4.27458;beide
C#Cc1c[nH]c(=O)[n-]c1=O;-3.28664;-4.43017;beide
C#Cc1c[nH]c(=O)[nH]c1=O;-7.93031;-6.22382;beide
C/C(O)=N/c1nnc(S([NH-])(=O)=O)s1;-3.66044;-2.04127;beide
C1=Cc2ccccc2NN=C1;-7.3719;-5.33865;beide
C1COC(NC(C2CC2)C2CC2)=[NH+]1;-4.25652;-4.41242;beide
C1C[NH2+]CCN1;-7.15306;-5.90763;beide
C1C[NH2+]CC[NH2+]1;-6.06612;-3.83167;beide
C1N2CN3CN1CN(C2)C3;-5.44372;-4.99479;beide
C1N2CN3CN1C[NH+](C2)C3;-4.06228;-4.13627;beide
C=C;-3.36638;-3.12576;beide
C=C(C#N)C(=O)OC;-4.44228;-5.25689;beide
C=C(C#N)C(=O)OCCCC;-4.46315;-3.46951;beide
C=CCC1(C(C)C)C(=O)NC(=O)NC1=O;-4.78739;-5.19657;beide
C=CCC1(CC(C)C)C(=O)NC(=O)NC1=O;-4.63202;-5.45326;beide
C=CCC1(C[C@@H](C)O)C(=O)NC(=O)NC1=O;-4.13977;-4.45717;beide
C=CCC1(C[C@H](C)O)C(=O)NC(=O)NC1=O;-4.27368;-4.23963;beide
C=CCC1([C@@H](C)CCC)C(=O)NC(=O)NC1=O;-3.7934;-3.01667;beide
C=CCC1([C@H](C)CC)C(=O)NC(=O)NC1=O;-4.40675;-4.74454;beide
C=CC[C@@]1(C(C)C)C(=O)[N-]C(=O)NC1=O;-3.73053;-3.85063;beide
C=CC[C@@]1(CC(C)C)C(=O)[N-]C(=O)NC1=O;-3.72545;-3.34863;beide
C=CC[C@@]1(C[C@@H](C)O)C(=O)[N-]C(=O)NC1=O;-3.59854;-2.53904;beide
C=CC[C@@]1(C[C@H](C)O)C(=O)[N-]C(=O)NC1=O;-3.44165;-3.21242;beide
C=CC[C@@]1([C@@H](C)CC)C(=O)[N-]C(=O)NC1=O;-3.93821;-2.28451;beide
C=CC[C@@]1([C@@H](C)CCC)C(=O)[N-]C(=S)NC1=O;-1.8371;-1.70832;beide
C=CC[C@@]1([C@H](C)CC)C(=O)[N-]C(=O)NC1=O;-3.52716;-3.36807;beide
C=CC[C@]1(C(C)C)C(=O)[N-]C(=O)NC1=O;-3.90314;-4.65334;beide
C=CC[C@]1(CC(C)C)C(=O)[N-]C(=O)NC1=O;-3.95538;-2.78359;beide
C=CC[C@]1(C[C@@H](C)O)C(=O)[N-]C(=O)NC1=O;-3.46837;-2.8644;beide
C=CC[C@]1(C[C@H](C)O)C(=O)[N-]C(=O)NC1=O;-3.1711;-3.15326;beide
C=CC[C@]1([C@@H](C)CC)C(=O)[N-]C(=O)NC1=O;-3.67569;-3.41151;beide
C=CCl;-3.81042;-3.85793;beide
C=C[C@@H]([NH3+])CCC(=O)[O-];-4.17883;-3.56678;beide
C=C[C@H]([NH3+])CCC(=O)[O-];-4.89541;-3.89611;beide
CC(=O)CCC(=O)[O-];-4.99936;-5.92992;beide
CC(=O)NCCCCCC(=O)[O-];-5.08238;-3.58636;beide
CC(=O)NCCCS(=O)(=O)[O-];-5.63535;-4.89949;beide
CC(=O)NO;-5.92752;-5.6154;beide
CC(=O)NS(=O)(=O)c1ccc(N)cc1;-3.32495;-3.15106;beide
CC(=O)N[C@@H](CC(C)C)C(=O)[O-];-5.16295;-4.98683;beide
CC(=O)N[C@@H](CS)C(=O)[O-];-4.74526;-5.40464;beide
CC(=O)Nc1ccc(O)cc1;-6.48564;-5.44782;beide
CC(=O)Nc1ccccc1;-7.79272;-5.62691;beide
CC(=O)Nc1nnc(S([NH-])(=O)=O)s1;-4.99802;-3.80185;beide
CC(=O)OCC[N+](C)(C)C;-6.4769;-4.86655;beide
CC(=O)O[C@@H](C)C[N+](C)(C)C;-6.4606;-4.71506;beide
CC(=O)O[C@@H]1CN2CCC1CC2;-6.17347;-5.83662;beide
CC(=O)O[C@@H]1C[N@H+]2CC[C@@H]1CC2;-7.16278;-5.34877;beide
CC(=O)O[C@H](C)C[N+](C)(C)C;-6.45287;-4.79865;beide
CC(=O)O[C@H](CC(=O)[O-])C[N+](C)(C)C;-5.81094;-3.99171;beide
CC(=O)O[C@H]1CN2CCC1CC2;-6.21318;-5.49642;beide
CC(=O)O[C@H]1C[N@H+]2CC[C@@H]1CC2;-7.70532;-5.35461;beide
CC(=O)Oc1ccccc1C(=O)[O-];-4.54413;-3.35891;beide
CC(=O)[N-]S(=O)(=O)c1ccc(N)cc1;-3.56301;-4.67008;beide
CC(=O)[O-];-4.14843;-4.2865;beide
CC(C)(O)CC(=O)[O-];-4.71084;-5.34188;beide
CC(C)(S)C(=O)N[C@@H](CS)C(=O)[O-];-4.89791;-2.0621;beide
CC(C)(S)[C@@H]([NH3+])C(=O)[O-];-5.93651;-6.80004;beide
CC(C)([NH3+])Cc1ccccc1;-7.57416;-7.10455;beide
CC(C)([S-])C(=O)N[C@@H](CS)C(=O)[O-];-1.65282;-0.240995;beide
CC(C)([S-])[C@@H]([NH3+])C(=O)[O-];-3.17434;-4.15832;beide
CC(C)C[C@H](C[NH3+])CC(=O)[O-];-6.45353;-5.82642;beide
CC(C)C[C@H]([NH3+])C(=O)[O-];-5.65111;-5.50159;beide
CC(C)Nc1ncccn1;-5.88164;-5.80598;beide
CC(C)O;-2.60441;-2.70964;beide
CC(C)OC(=O)OC1CCCCC1;-4.77403;-0.847802;beide
CC(C)OP(=O)(F)OC(C)C;-4.30854;-2.84717;beide
CC(C)[C@@H](Br)C(=O)NC(N)=O;-6.40825;-5.73451;beide
CC(C)[C@@H]1CC[C@@H](C)C[C@@H]1O;-7.6308;-6.87936;beide
CC(C)[C@@H]1CC[C@@H](C)C[C@H]1O;-6.80973;-5.89747;beide
CC(C)[C@@H]1CC[C@H](C)C[C@@H]1O;-7.65024;-6.00068;beide
CC(C)[C@@H]1CC[C@H](C)C[C@H]1O;-6.46722;-6.45529;beide
CC(C)[C@H](Br)C(=O)NC(N)=O;-6.82573;-6.50013;beide
CC(C)[C@H](N)C(=O)N1CCC[C@H]1B(O)O;-5.65015;-4.32366;beide
CC(C)[C@H](N)C(=O)NCCCS(=O)(=O)[O-];-4.31345;-1.62114;beide
CC(C)[C@H]([NH3+])C(=O)NCCCS(=O)(=O)[O-];-7.49349;-2.30058;beide
CC(C)[C@H]1CC[C@@H](C)C[C@@H]1O;-6.56094;-6.37419;beide
CC(C)[C@H]1CC[C@@H](C)C[C@H]1O;-6.84078;-6.72158;beide
CC(C)[C@H]1CC[C@H](C)C[C@@H]1O;-7.31397;-6.66613;beide
CC(C)[C@H]1CC[C@H](C)C[C@H]1O;-6.98367;-5.29311;beide
CC(C)[NH2+]C[C@H](O)c1cc([O-])cc(O)c1;-4.20115;-3.9283;beide
CC(C)[NH2+]C[C@H](O)c1ccc(O)c(O)c1;-7.65452;-4.50508;beide
CC(C)c1cccc(C(C)C)c1O;-5.51258;-4.80726;beide
CC(Cl)(Cl)Cl;-4.08083;-4.66504;beide
CC(O)(P(=O)([O-])O)P(=O)([O-])O;-3.11481;-5.51816;beide
CC1(C)[C@@H]2CC[C@@]1(C)C(=O)C2;-4.75166;-6.13761;beide
CC1(C)[C@@H]2CC[C@@]1(C)[C@@H](O)C2;-6.45747;-6.39272;beide
CC1(C)[C@@H]2CC[C@@]1(C)[C@H](O)C2;-5.88774;-7.50358;beide
CC1(C)[C@H]2CC[C@]1(C)C(=O)C2;-5.41796;-6.17657;beide
CC1(C)[C@H]2CC[C@]1(C)[C@@H](O)C2;-5.04855;-6.3189;beide
CC1(C)[C@H]2CC[C@]1(C)[C@H](O)C2;-5.90651;-6.50018;beide
CC1=CC(=O)[N-]S(=O)(=O)O1;-4.8672;-6.128;beide
CC1=NN(c2ccccc2)C(=O)C1;-5.51302;-4.45022;beide
CCC1(CC)C(=O)NC(=O)N(C)C1=O;-7.21999;-6.0463;beide
CCC1(CC)C(=O)NC[C@@H](C)C1=O;-7.07896;-6.89381;beide
CCC1(CC)C(=O)NC[C@H](C)C1=O;-7.18296;-6.35643;beide
CCC1(CC)C(=O)[N-]C(=O)N(C)C1=O;-3.71358;-4.94955;beide
CCC1(CCC(C)C)C(=O)NC(=O)NC1=O;-5.20294;-6.50913;beide
CCCC(C)(COC(N)=O)COC(N)=O;-5.46047;-1.97905;beide
CCCC(CCC)C(=O)[O-];-3.41845;-4.58364;beide
CCCC/[NH+]=C(\N)N=C(N)N;-5.1611;-4.72749;beide
CCCCCC/[NH+]=C(\N)N=C(N)N;-3.58217;-3.97494;beide
CCCCCCc1ccc(O)cc1O;-6.42156;-4.72078;beide
CCCC[C@@H]1OC(=O)c2ccccc21;-5.04496;-5.22919;beide
CCCC[C@H]1OC(=O)c2ccccc21;-5.2761;-5.39471;beide
CCCC[N@@H+]1C[C@H](O)[C@@H](O)[C@@H](O)[C@H]1CO;-7.09757;-5.56793;beide
CCCC[N@@H+]1C[C@H](O)[C@@H](O)[C@H](O)[C@H]1CO;-7.53452;-5.98929;beide
CCCC[N@H+]1C[C@H](O)[C@@H](O)[C@@H](O)[C@H]1CO;-7.13935;-4.3431;beide
CCC[C@@H](C)C[C@H]([NH3+])CC(=O)[O-];-5.8278;-4.10503;beide
CCC[C@@H]1CC(=O)N([C@@H](CC)C(N)=O)C1;-6.16439;-6.32502;beide
CCC[C@H](C)C1(CC)C(=O)NC(=O)NC1=O;-4.31184;-5.88888;beide
CCC[C@H](C)[C@]1(CC)C(=O)[N-]C(=O)NC1=O;-2.54085;-5.17351;beide
CCC[C@H](C)[C@]1(CC)C(=O)[N-]C(=S)NC1=O;-2.98182;-1.95607;beide
CCC[NH2+][C@@H]1CCc2nc(N)sc2C1;-5.54316;-5.26481;beide
CCC[NH2+][C@H]1CCc2nc(N)sc2C1;-6.55249;-5.84784;beide
CCCc1cc(=O)[nH]c(=S)[nH]1;-7.90421;-6.57748;beide
CCCc1cc(C(N)=S)ccn1;-5.85349;-7.67648;beide
CCCc1cc([O-])[nH]c(=S)n1;-5.57929;-4.71497;beide
CCN(CC)C(=O)N1CCN(C)CC1;-5.05957;-4.2143;beide
CCN(CC)C(=O)N1CC[NH+](C)CC1;-4.69232;-3.49897;beide
CCNC(=O)CC[C@H]([NH3+])C(=O)[O-];-5.46004;-5.60223;beide
CCO;-0.858833;-0.713108;beide
CCOC(=O)c1ccc(N)cc1;-4.73263;-2.39654;beide
CCOC(N)=O;-6.2589;-6.11604;beide
CCOc1ccc(NC(C)=O)cc1;-7.10631;-3.71066;beide
CCS(=O)(=O)CCn1c([N+](=O)[O-])cnc1C;-5.79875;-4.57637;beide
CC[C@@H](C(N)=O)N1CCCC1=O;-7.00132;-6.96902;beide
CC[C@@H](C(N)=O)N1C[C@H](C=C(F)F)CC1=O;-5.85324;-6.72522;beide
CC[C@@H](C)C1(CC)C(=O)NC(=O)NC1=O;-5.55986;-5.33934;beide
CC[C@@H](C)[C@@H](CC)C(N)=O;-6.04387;-7.13073;beide
CC[C@@H](C)[C@@]1(CC)C(=O)[N-]C(=O)NC1=O;-4.36482;-2.06979;beide
CC[C@@H](C)[C@H](CC)C(N)=O;-6.11396;-5.69265;beide
CC[C@@H](C)[C@]1(CC)C(=O)[N-]C(=O)NC1=O;-3.30313;-4.15212;beide
CC[C@@H]1C(=O)OC[C@@H]1Cc1c[nH+]cn1C;-7.47571;-4.93063;beide
CC[C@@H]1C(=O)OC[C@@H]1Cc1cncn1C;-5.58822;-3.90297;beide
CC[C@@]1(C)CC(=O)NC1=O;-7.37306;-7.87554;beide
CC[C@@]1(C)OC(=O)N(C)C1=O;-6.46537;-6.36025;beide
CC[C@@]1(c2ccc(N)cc2)CCC(=O)NC1=O;-6.21495;-5.51424;beide
CC[C@H](C(N)=O)[C@@H](C)CC;-5.75852;-6.75995;beide
CC[C@H](C)[C@@H](CC)C(N)=O;-6.06167;-6.73485;beide
CC[C@H](C)[C@@]1(CC)C(=O)[N-]C(=O)NC1=O;-1.44435;-3.45212;beide
CC[C@H](C)[C@]1(CC)C(=O)[N-]C(=O)NC1=O;-3.55535;-4.25974;beide
CC[C@]1(C)CC(=O)NC1=O;-7.17957;-7.17312;beide
CC[C@]1(C)OC(=O)N(C)C1=O;-6.65004;-7.28548;beide
CC[C@]1(CCC(C)C)C(=O)[N-]C(=O)NC1=O;-4.04687;-3.90008;beide
CC[C@]1(c2ccc(N)cc2)CCC(=O)NC1=O;-6.93393;-5.85338;beide
CC[C@]1(c2ccccc2)CCC(=O)NC1=O;-5.8413;-4.67593;beide
CC[N+](C)(C)Cc1ccccc1Br;-5.96778;-3.75355;beide
CC[N+](C)(C)c1cccc(O)c1;-7.99308;-5.72292;beide
CC[N+](C)(C)c1cccc([O-])c1;-6.31593;-4.30871;beide
CC[NH2+]CC;-6.30797;-4.96797;beide
CCc1[nH+]c(C)ccc1O;-6.26861;-4.87033;beide
CCc1[nH+]c(C)ccc1[O-];-6.29603;-5.99349;beide
CCc1cc(C(N)=S)ccn1;-6.7223;-6.72923;beide
CCc1nc(C)ccc1O;-5.55703;-6.35774;beide
CN(C)/C(N)=N/C(N)=[NH2+];-3.38767;-3.82635;beide
CN(C)/N=N/c1[nH]cnc1C(N)=O;-3.89747;-5.20776;beide
CN(C)/N=N/c1nc[nH]c1C(N)=O;-2.88424;-4.16439;beide
CN(C)C(=O)Oc1ccc[n+](C)c1;-5.63419;0.807032;beide
CN(C)C(=[NH2+])N=C(N)N;-4.44247;-4.49443;beide
CN(CC(=O)[O-])C(=[NH2+])NP(=O)([O-])O;-2.12651;-0.446284;beide
CN(CC(=O)[O-])C(=[NH2+])NP(=O)([O-])[O-];-4.44149;-2.4944;beide
CN(CC(=O)[O-])C(=[NH2+])[NH2+]P(=O)([O-])[O-];-3.20964;-1.09043;beide
CN(CC(=O)[O-])C(N)=[NH2+];-3.51631;-3.72643;beide
CN(CCCl)CCCl;-4.92641;-4.41821;beide
CN(CCOP(=O)([O-])O)C(N)=[NH2+];-4.06665;-1.58299;beide
CN(CCOP(=O)([O-])[O-])C(N)=[NH2+];-4.6235;-3.68887;beide
CN(N=O)C(=O)N[C@@H](C=O)[C@@H](O)[C@H](O)[C@H](O)CO;-1.94092;-1.30772;beide
CN/C(NCc1ccccc1)=[NH+]\C;-4.59782;-4.45337;beide
CN1C(=O)OC(C)(C)C1=O;-6.26357;-7.15301;beide
CN1CC(=O)N=C1N;-5.86814;-6.11211;beide
CN1CCC[C@H]1c1cccnc1;-3.35163;-2.04366;beide
CNC(=[NH2+])NCCC[C@H]([NH3+])C(=O)[O-];-2.43516;-0.835941;beide
CNC[C@H](O)[C@@H](O)[C@H](O)[C@H](O)CO;-3.24489;-1.48847;beide
CNC[C@H](O)c1ccc(O)c(O)c1;-5.87407;-4.19674;beide
CNC[C@H](O)c1cccc(O)c1;-4.25445;-3.50678;beide
CN[C@@H](C)[C@@H](O)c1ccccc1;-5.07545;-4.2654;beide
CN[C@@H](C)[C@H](O)c1ccccc1;-4.67749;-4.19438;beide
CN[C@@]1(C)[C@@H]2CC[C@@H](C2)C1(C)C;-4.71554;-6.53674;beide
CN[C@@]1(C)[C@H]2CC[C@H](C2)C1(C)C;-5.47347;-5.75568;beide
CN[C@]1(C)[C@@H]2CC[C@@H](C2)C1(C)C;-6.02631;-6.10784;beide
CN[C@]1(C)[C@H]2CC[C@H](C2)C1(C)C;-5.27555;-5.24246;beide
COC(=O)/C=C/C(=O)OC;-3.65397;-4.23633;beide
COC(=O)/C=C/C(=O)OCCN1C(=O)CCC1=O;-5.45947;-1.98162;beide
COC(=O)/C=C/C(=O)[O-];-3.59948;-3.76343;beide
COC(=O)CCC(=O)CN;-3.71577;-5.8086;beide
COC(=O)CCC(=O)C[NH3+];-6.02985;-5.67961;beide
COC(=O)c1ccccc1O;-5.85825;-6.36936;beide
COC(=O)c1ccccc1[O-];-4.24971;-5.07645;beide
COC(F)(F)C(Cl)Cl;-5.20796;-5.76263;beide
COC[C@@]1(CO)C(=O)C2CCN1CC2;-4.47717;-5.15955;beide
COC[C@@]1(CO)C(=O)[C@H]2CC[N@@H+]1CC2;-6.11146;-5.34423;beide
COC[C@]1(CO)C(=O)C2CCN1CC2;-4.95274;-3.92094;beide
COC[C@]1(CO)C(=O)[C@H]2CC[N@@H+]1CC2;-6.50484;-5.35752;beide
COc1ccc(O)cc1;-6.24385;-6.54158;beide
COc1ccc(OC)c([C@@H](O)[C@@H](C)N)c1;-0.621999;-3.32919;beide
COc1ccc(OC)c([C@@H](O)[C@@H](C)[NH3+])c1;-3.01454;-5.56868;beide
COc1ccc(OC)c([C@@H](O)[C@H](C)N)c1;-3.71617;-3.82523;beide
COc1ccc(OC)c([C@@H](O)[C@H](C)[NH3+])c1;-4.31979;-5.87889;beide
COc1ccc(OC)c([C@H](O)[C@@H](C)N)c1;-2.68696;-2.10565;beide
COc1ccc(OC)c([C@H](O)[C@@H](C)[NH3+])c1;-5.25185;-6.12405;beide
COc1ccc(OC)c([C@H](O)[C@H](C)N)c1;-0.530245;-3.08535;beide
COc1ccc(OC)c([C@H](O)[C@H](C)[NH3+])c1;-5.39169;-4.8414;beide
COc1ccccc1O;-6.03412;-6.4277;beide
COc1ccccc1OC[C@@H](O)CO;-4.87432;-4.15941;beide
COc1ccccc1OC[C@H](O)CO;-5.02226;-3.94951;beide
CS(C)=O;-4.9568;-5.31389;beide
CSCC[C@H]([NH3+])C(=O)[O-];-5.54917;-4.73239;beide
C[C@@H](COc1ccccc1)NN;-5.5918;-4.36316;beide
C[C@@H](COc1ccccc1)N[NH3+];-5.26063;-5.1659;beide
C[C@@H](COc1ccccc1)[NH2+]N;-3.6769;-1.80438;beide
C[C@@H](C[N+](C)(C)C)OC(N)=O;-7.49807;-4.53357;beide
C[C@@H](Cc1ccccc1)[NH2+]CCC#N;-5.43977;-5.83562;beide
C[C@@H](Cc1ccccc1)[NH2+]CCCCl;-5.9452;-4.89371;beide
C[C@@H](I)[C@@H]1OC[C@@H](CO)O1;-6.13204;-5.653;beide
C[C@@H](I)[C@@H]1OC[C@H](CO)O1;-5.68715;-5.75795;beide
C[C@@H](I)[C@H]1OC[C@@H](CO)O1;-6.05561;-5.94517;beide
C[C@@H](I)[C@H]1OC[C@H](CO)O1;-5.58767;-5.81045;beide
C[C@@H](N)[C@@H](O)c1ccccc1;-5.19874;-4.38674;beide
C[C@@H](N)[C@H](O)c1ccccc1;-6.19005;-4.47902;beide
C[C@@H](NN)c1ccccc1;-6.14634;-6.20577;beide
C[C@@H](N[NH3+])c1ccccc1;-7.40688;-6.38367;beide
C[C@@H](O)C(=O)[O-];-4.45661;-5.3454;beide
C[C@@H](O)CO;-4.26448;-4.26106;beide
C[C@@H](S)C(=O)NCC(=O)[O-];-5.68207;-3.46273;beide
C[C@@H]([NH2+]N)c1ccccc1;-7.58488;-7.52423;beide
C[C@@H]([NH3+])C12C[C@H]3C[C@@H](C1)C[C@@H](C2)C3;-7.36464;-6.46642;beide
C[C@@H]([NH3+])Cc1ccc(O)cc1;-8.37958;-7.33386;beide
C[C@@H]([NH3+])Cc1ccccc1;-7.75069;-7.60503;beide
C[C@@H]([NH3+])[C@@H](O)c1ccccc1;-8.5123;-8.20569;beide
C[C@@H]([NH3+])[C@H](O)c1ccccc1;-8.43892;-8.51318;beide
C[C@@H]([S-])C(=O)NCC(=O)[O-];-2.47268;-1.99524;beide
C[C@@H]1NC(=O)[C@H](CC(=O)[O-])NC1=O;-7.66711;-5.5387;beide
C[C@@H]1NCCO[C@@H]1c1ccccc1;-2.77615;-2.07099;beide
C[C@@H]1O[C@@H]1P(=O)([O-])O;-3.98538;-4.73524;beide
C[C@@H]1O[C@@H]1P(=O)([O-])[O-];-3.91595;-4.5285;beide
C[C@@H]1[NH2+]CCO[C@@H]1c1ccccc1;-6.96638;-5.05971;beide
C[C@@](O)(P(=O)([O-])[O-])P(=O)([O-])O;-2.65633;-5.49662;beide
C[C@@]([NH3+])(Cc1ccc(O)cc1)C(=O)[O-];-6.47709;-5.09348;beide
C[C@@]12C(=O)OC(=O)[C@]1(C)[C@H]1CC[C@@H]2O1;-5.13859;-6.29573;beide
C[C@H](COc1ccccc1)NN;-4.89739;-5.4534;beide
C[C@H](COc1ccccc1)N[NH3+];-4.87485;-5.84959;beide
C[C@H](COc1ccccc1)[NH2+]N;-3.72337;-3.24348;beide
C[C@H](CS)C(=O)N1CCC[C@H]1C(=O)[O-];-5.69424;0.30342;beide
C[C@H](C[N+](C)(C)C)OC(N)=O;-6.22673;-6.12626;beide
C[C@H](Cc1ccccc1)NCCC#N;-4.90642;-3.58514;beide
C[C@H](Cc1ccccc1)[NH2+]CCC#N;-6.17796;-6.0295;beide
C[C@H](Cc1ccccc1)[NH2+]CCCCl;-5.33033;-4.99735;beide
C[C@H](I)[C@@H]1OC[C@@H](CO)O1;-6.08122;-5.7827;beide
C[C@H](I)[C@@H]1OC[C@H](CO)O1;-5.56463;-5.15848;beide
C[C@H](I)[C@H]1OC[C@@H](CO)O1;-5.99616;-5.80063;beide
C[C@H](I)[C@H]1OC[C@H](CO)O1;-5.71294;-5.90118;beide
C[C@H](N)C(=O)N[C@@H](CCC(N)=O)C(=O)[O-];-4.85064;-2.16948;beide
C[C@H](N)[C@@H](O)c1ccccc1;-5.75194;-3.99213;beide
C[C@H](N)[C@H](O)c1ccc(O)c(O)c1;-6.21086;-3.92754;beide
C[C@H](N)[C@H](O)c1cccc(O)c1;-4.65742;-3.58049;beide
C[C@H](N)[C@H](O)c1ccccc1;-5.57219;-4.40345;beide
C[C@H](NN)c1ccccc1;-5.95589;-5.91175;beide
C[C@H](N[NH3+])c1ccccc1;-7.48448;-6.11587;beide
C[C@H](O)C(=O)[O-];-4.7591;-5.59163;beide
C[C@H](O)CO;-4.24312;-3.97046;beide
C[C@H](O)[C@@H](O)[C@@H](O)[C@H](O)C=O;-5.7486;-5.96523;beide
C[C@H](S)C(=O)NCC(=O)[O-];-5.45771;-4.82051;beide
C[C@H]([NH2+]N)c1ccccc1;-7.71869;-7.13813;beide
C[C@H]([NH3+])C(=O)N[C@@H](CCC(N)=O)C(=O)[O-];-7.16319;-5.0367;beide
C[C@H]([NH3+])C(=O)[O-];-4.14392;-3.90363;beide
C[C@H]([NH3+])C12C[C@H]3C[C@@H](C1)C[C@@H](C2)C3;-6.95454;-6.96695;beide
C[C@H]([NH3+])Cc1ccc(O)cc1;-8.09565;-6.86994;beide
C[C@H]([NH3+])Cc1ccccc1;-7.59047;-6.67147;beide
C[C@H]([NH3+])[C@@H](O)c1ccccc1;-8.59963;-8.06281;beide
C[C@H]([NH3+])[C@H](O)c1ccc(O)c(O)c1;-8.40893;-7.04755;beide
C[C@H]([NH3+])[C@H](O)c1cccc(O)c1;-8.32223;-6.82654;beide
C[C@H]([NH3+])[C@H](O)c1ccccc1;-8.34103;-7.84408;beide
C[C@H]([S-])C(=O)NCC(=O)[O-];-2.09712;-2.39461;beide
C[C@H]1C[NH2+]CCc2ccc(Cl)cc21;-8.11085;-5.42211;beide
C[C@H]1NCCO[C@H]1c1ccccc1;-2.73079;-3.0947;beide
C[C@H]1O[C@@H](C)O[C@@H](C)O1;-4.42175;-6.01113;beide
C[C@H]1O[C@@]2(CS1)C[N@H+]1CC[C@@H]2CC1;-8.08853;-4.58786;beide
C[C@H]1O[C@]2(CS1)C[N@H+]1CC[C@@H]2CC1;-7.51625;-4.86747;beide
C[C@H]1[NH2+]CCO[C@H]1c1ccccc1;-7.4765;-5.92462;beide
C[C@](O)(P(=O)([O-])[O-])P(=O)([O-])O;-3.33672;-5.47532;beide
C[C@]([NH3+])(Cc1ccc(O)cc1)C(=O)[O-];-5.94917;-4.03292;beide
C[N+](C)(C)CC(=O)[O-];-6.41442;-5.37629;beide
C[N+](C)(C)CCO;-6.32335;-5.42378;beide
C[N+](C)(C)CCOC(N)=O;-6.89963;-5.01225;beide
C[N+](C)(C)CCOCF;-6.0541;-4.11353;beide
C[N+](C)(C)C[C@@H](O)CC(=O)[O-];-7.48568;-5.45089;beide
C[N+](C)(C)C[C@H](O)CC(=O)[O-];-6.98861;-3.92507;beide
C[N+](C)(CF)CCO;-6.17473;-5.35156;beide
C[N@@H+]1CCC[C@H]1c1cccnc1;-7.4438;-5.28409;beide
C[N@H+]1CCC[C@H]1c1cccnc1;-7.41827;-4.72006;beide
C[NH+](CCCl)CCCl;-4.78272;-3.16482;beide
C[NH2+]C(C)(C)Cc1ccccc1;-7.63395;-4.17137;beide
C[NH2+]C[C@@H]1OCCc2ccsc21;-6.01599;-6.95493;beide
C[NH2+]C[C@H](O)[C@@H](O)[C@H](O)[C@H](O)CO;-6.45578;-6.38645;beide
C[NH2+]C[C@H](O)c1ccc(O)c(O)c1;-7.16998;-6.65975;beide
C[NH2+]C[C@H](O)c1cccc(O)c1;-8.03031;-6.85298;beide
C[NH2+][C@@H](C)CC1CCCCC1;-6.55253;-6.30146;beide
C[NH2+][C@@H](C)Cc1ccccc1;-7.06642;-4.62445;beide
C[NH2+][C@@H](C)[C@@H](O)c1ccccc1;-7.76038;-7.72777;beide
C[NH2+][C@@H](C)[C@H](O)c1ccccc1;-6.22152;-6.31692;beide
C[NH2+][C@@H]1Cc2cccc3[nH]c(=O)n(c23)C1;-7.36143;-6.04783;beide
C[NH2+][C@H](C)CC1CCCCC1;-6.46075;-5.85421;beide
C[S@@](=O)CCCCN=C=S;-4.87973;-4.047;beide
C[S@](=O)CCCCN=C=S;-4.76185;-5.46125;beide
C[n+]1ccccc1/C=N/O;-7.12416;-5.78315;beide
C[n+]1ccccc1/C=N/[O-];-5.69189;-4.76598;beide
C[n+]1ccccc1/C=N\O;-6.86957;-5.17145;beide
C[n+]1ccccc1/C=N\[O-];-5.51978;-5.18632;beide
Cc1[nH+]cc(CO)c(C=O)c1[O-];-6.13756;-7.12964;beide
Cc1[nH+]cc(CO)c(CO)c1O;-4.91783;-4.5077;beide
Cc1[nH+]cc(CO)c(CO)c1[O-];-5.4113;-6.9806;beide
Cc1[nH+]cc(COP(=O)([O-])O)c(C=O)c1[O-];-5.18799;-2.47702;beide
Cc1[nH+]cc(COP(=O)([O-])[O-])c(C=O)c1[O-];-6.54527;-3.04444;beide
Cc1c(O)c(=O)ccn1C;-6.20574;-7.12266;beide
Cc1cc(Br)c(O)c2ncccc12;-5.71536;-4.65308;beide
Cc1cc(Br)c([O-])c2ncccc12;-4.24301;-3.48102;beide
Cc1cc(C)cc(OC[C@H]2CNC(=O)O2)c1;-3.25112;-3.74488;beide
Cc1ccc(S(N)(=O)=O)cc1;-7.0185;-4.58654;beide
Cc1cccc(C)c1NC(=O)[C@@H](C)N;-4.08704;1.23413;beide
Cc1cccc(C)c1NC(=O)[C@@H](C)[NH3+];-6.0831;-3.60824;beide
Cc1cccc(C)c1NC(=O)[C@H](C)N;-3.93781;-1.58533;beide
Cc1cccc(C)c1NC(=O)[C@H](C)[NH3+];-4.08619;-1.3733;beide
Cc1cccc(C)c1OC[C@@H](C)N;-2.39048;-3.20695;beide
Cc1cccc(C)c1OC[C@@H](C)[NH3+];-5.7239;-4.69675;beide
Cc1cccc(C)c1OC[C@H](C)N;-2.7028;-3.33175;beide
Cc1cccc(C)c1OC[C@H](C)[NH3+];-5.94505;-5.85446;beide
Cc1cn[nH]c1;-6.04855;-6.50203;beide
Cc1cnc(C(=O)[O-])c[n+]1[O-];-6.78543;-6.92867;beide
Cc1ncc(CO)c(C=O)c1O;-4.33116;-5.88356;beide
Cc1ncc(CO)c(C=O)c1[O-];-2.4619;-4.45668;beide
Cc1ncc(CO)c(CO)c1O;-4.62126;-5.68706;beide
Cc1ncc(COP(=O)([O-])[O-])c(C=O)c1O;-4.76665;-2.07458;beide
Cc1ncc(COP(=O)([O-])[O-])c(C=O)c1[O-];-2.79837;-0.928341;beide
Cc1ncc([N+](=O)[O-])n1CCO;-6.054;-6.09053;beide
Cc1ncc([N+](=O)[O-])n1C[C@@H](O)CCl;-5.14859;-4.15275;beide
Cc1ncc([N+](=O)[O-])n1C[C@H](O)CCl;-6.06682;-5.89209;beide
Cc1ncsc1CCCl;-5.41353;-6.15929;beide
Cc1occc(=O)c1O;-5.42172;-6.50366;beide
Cc1occc(=O)c1[O-];-2.29129;-4.65754;beide
ClC(Cl)Cl;-4.20683;-3.85295;beide
Cn1c(=O)c2[nH]cnc2n(C)c1=O;-5.61242;-9.15862;beide
Cn1c(=O)c2c(ncn2C)n(C)c1=O;-5.0827;-5.86847;beide
Cn1c(=O)c2nc[nH]c2n(C)c1=O;-2.90822;-5.21268;beide
Cn1c2ncnc-2c([O-])n(C)c1=O;-2.92272;-3.83402;beide
Cn1cc[nH]c1=S;-5.94152;-6.60932;beide
Cn1cnc2c1c(=O)[nH]c(=O)n2C;-6.32111;-6.94029;beide
Cn1nnc2c(C(N)=O)ncn2c1=O;-6.47555;-5.849;beide
FC(F)(F)C(F)(F)C(F)(F)C(F)(F)C(F)(F)F;-5.74623;-5.05606;beide
FC(F)(F)C(F)(F)C(F)(F)C(F)(F)F;-5.87031;-5.83551;beide
FC(F)(F)[C@@H](Cl)Br;-4.45276;-5.38291;beide
FC(F)(F)[C@H](Cl)Br;-5.3327;-5.25964;beide
FC(F)OC(F)(F)[C@@H](F)Cl;-5.87779;-5.71239;beide
FC(F)OC(F)(F)[C@H](F)Cl;-5.73492;-5.86674;beide
FC(F)O[C@@H](Cl)C(F)(F)F;-5.76619;-5.41903;beide
FC(F)O[C@@H](F)C(F)(F)F;-5.59865;-5.70859;beide
FC(F)O[C@H](Cl)C(F)(F)F;-6.22948;-5.72833;beide
FC(F)O[C@H](F)C(F)(F)F;-5.94851;-5.21561;beide
FCOC(C(F)(F)F)C(F)(F)F;-5.47997;-6.52985;beide
FS(F)(F)(F)(F)F;-4.49775;-4.40914;beide
IC(I)I;-3.23256;-3.70347;beide
II;-2.84079;-2.77755;beide
Ic1[n-]c(I)c(I)c1I;-1.52453;-2.46327;beide
Ic1[nH]c(I)c(I)c1I;-3.14418;-2.65594;beide
N#N;-2.65038;-2.63308;beide
NC(=O)CC[C@H]([NH3+])C(=O)[O-];-6.60087;-6.29319;beide
NC(=O)CN1CCCC1=O;-7.30995;-6.74691;beide
NC(=O)CN1C[C@@H](O)CC1=O;-7.71617;-7.2768;beide
NC(=O)CN1C[C@H](O)CC1=O;-7.96013;-7.15592;beide
NC(=O)NC(=O)Cc1ccccc1;-8.46626;-4.61108;beide
NC(=O)NCCC[C@H]([NH3+])C(=O)[O-];-7.43934;-5.64728;beide
NC(=O)NNc1ccccc1;-7.03126;-8.02696;beide
NC(=O)NO;-6.69561;-5.48026;beide
NC(=O)NS(=O)(=O)c1ccc(N)cc1;-2.32023;-3.24212;beide
NC(=O)N[C@@H](CCC(=O)[O-])C(=O)[O-];-5.26501;-5.46822;beide
NC(=O)N[O-];-1.80817;-1.43978;beide
NC(=O)OC[C@@H](O)c1ccccc1Cl;-7.33901;-5.59382;beide
NC(=O)[N-]S(=O)(=O)c1ccc(N)cc1;-3.26465;-4.28952;beide
NC(=O)c1ccc(I)c([N+](=O)[O-])c1;-6.13791;-6.16877;beide
NC(=O)c1cccnc1;-7.13117;-7.82229;beide
NC(=O)c1cnccn1;-6.57212;-6.66943;beide
NC(=O)c1nc(F)c[n-]c1=O;-6.36113;-6.08555;beide
NC(=O)c1nc(F)c[nH]c1=O;-5.33298;-4.89658;beide
NC(=[NH2+])NCCC[C@H]([NH3+])C(=O)[O-];-4.52901;-4.9266;beide
NC(=[NH2+])NCc1cccc(F)c1;-5.7927;-6.4159;beide
NC(=[NH2+])NCc1cccc(I)c1;-5.12165;-3.21984;beide
NC(CO)(CO)CO;-3.13137;-3.58749;beide
NC(N)=NC(=[NH2+])NCCc1ccccc1;-5.22599;-5.32023;beide
NC(N)=NS(=O)(=O)c1ccc(N)cc1;-4.76144;-4.25186;beide
NC(N)=O;-5.19107;-4.95176;beide
NC(N)=[NH2+];-4.38027;-4.83833;beide
NC1=NC(=O)[C@@H](c2ccccc2)O1;-7.01076;-6.6656;beide
NC1=NC(=O)[C@H](c2ccccc2)O1;-6.66946;-6.5097;beide
NC1=NC[C@@H](c2ccccc2)O1;-4.44943;-4.6703;beide
NC1=NC[C@H](c2ccccc2)O1;-4.3986;-4.42185;beide
NC1=[NH+]C[C@@H](c2ccccc2)O1;-7.06072;-5.45522;beide
NC1=[NH+]C[C@H](c2ccccc2)O1;-6.64376;-5.56885;beide
NCC(=O)CCC(=O)[O-];-3.89361;-4.22541;beide
NCCS;-2.59878;-2.87661;beide
NCC[NH2+]CCNCC[NH3+];-4.93697;-2.34957;beide
NCC[NH3+];-3.78032;-2.60259;beide
NC[C@H](O)c1ccc(O)c(O)c1;-5.46939;-4.41062;beide
NCc1ccc(S(N)(=O)=O)cc1;-5.60531;-4.0508;beide
NNC(=O)c1ccncc1;-7.63819;-9.01799;beide
NNCCc1ccccc1;-5.31359;-5.2983;beide
NNc1[nH+]ncc2ccccc12;-6.63831;-6.6504;beide
NNc1n[nH+]cc2ccccc12;-3.72252;-3.51189;beide
NNc1nncc2ccccc12;-6.46223;-6.57438;beide
NS(=O)(=O)Cc1noc2ccccc12;-7.20396;-7.47083;beide
NS(=O)(=O)c1ccc(C[NH3+])cc1;-8.89989;-5.94095;beide
N[C@@H](CSCC(=O)[O-])C(=O)[O-];-2.28576;-2.11864;beide
N[C@@H]1CONC1=O;-6.10507;-5.83146;beide
N[C@@H]1C[C@H]1c1ccccc1;-4.59629;-3.85932;beide
N[C@@](CCC[NH3+])(C(=O)[O-])C(F)F;-7.02401;-6.29462;beide
N[C@](CCC[NH3+])(C(=O)[O-])C(F)F;-7.46998;-6.92354;beide
N[NH2+]CCc1ccccc1;-6.15223;-5.66929;beide
Nc1cc[nH+]cc1;-7.67418;-6.55801;beide
Nc1cc[nH+]cc1N;-7.82145;-6.98487;beide
Nc1ccc(C(=O)NCC(=O)[O-])cc1;-6.24012;-4.33329;beide
Nc1ccc(C(=O)[O-])c(O)c1;-6.57475;-7.12336;beide
Nc1ccc(O)c(C(=O)[O-])c1;-6.18424;-6.07695;beide
Nc1ccc(S(N)(=O)=O)cc1;-7.77225;-6.50491;beide
Nc1ccn([C@@H]2CS[C@H](CO)O2)c(=O)n1;-7.38625;-5.79086;beide
Nc1ccn([C@H]2CC[C@@H](CO)O2)c(=O)n1;-5.76371;-3.72626;beide
Nc1ccn([C@H]2CO[C@@H](CO)S2)c(=O)n1;-5.51501;-6.61102;beide
Nc1n[n+](=O)c2ccccc2n1[O-];-6.06617;-5.60407;beide
Nc1nc(=O)[nH]cc1F;-6.80641;-7.31809;beide
Nc1nc(=O)n([C@@H]2O[C@H](CO)[C@@H](O)[C@H]2O)c[nH+]1;-4.52078;-4.0934;beide
Nc1nc(=O)n([C@H]2C[C@H](O)[C@@H](CO)O2)c[nH+]1;-5.02978;-4.41036;beide
Nc1nc2[nH]cnc2c(=O)[nH]1;-5.83055;-8.93357;beide
Nc1nc2[nH]cnc2c(=S)[nH]1;-5.00646;-8.70891;beide
Nc1nc2c(ncn2COCCO)c(=O)[nH]1;-4.13095;-7.10366;beide
Nc1nc2nc[nH]c2c(=O)[nH]1;-4.82033;-7.24294;beide
Nc1nc2nc[nH]c2c(=S)[nH]1;-4.20742;-8.1919;beide
Nc1ncnc2[nH]cnc12;-6.34826;-7.31524;beide
Nc1ncnc2nc[nH]c12;-5.1442;-6.28252;beide
O;-3.86124;-4.03243;beide
O=C(CBr)N1CC([N+](=O)[O-])([N+](=O)[O-])C1;-4.71004;-3.78391;beide
O=C(CO)[C@@H](O)[C@@H](O)[C@H](O)CO;-5.42471;-5.67326;beide
O=C(O)O;-4.38538;-4.16397;beide
O=C([O-])C(Cl)(Cl)Cl;-3.89072;-4.92959;beide
O=C([O-])C(Cl)Cl;-3.20392;-4.34654;beide
O=C([O-])CC(O)(CC(=O)[O-])C(=O)[O-];-4.77278;-5.18567;beide
O=C([O-])CCC(=O)[O-];-3.93381;-4.7572;beide
O=C([O-])CCCCCCCC(=O)O;1.10859;2.44427;beide
O=C([O-])CCCC[C@H]1CCSS1;-5.89005;-3.40208;beide
O=C([O-])CCCO;-3.59253;-4.16099;beide
O=C([O-])CCCc1ccccc1;-6.693;-5.54121;beide
O=C([O-])Cc1ccccc1;-6.32022;-6.39781;beide
O=C([O-])O;-1.64683;-1.52545;beide
O=C([O-])P(=O)([O-])O;-4.94827;-5.20044;beide
O=C([O-])P(=O)([O-])[O-];-0.936715;-0.671889;beide
O=C([O-])[C@@H](O)[C@H](O)[C@@H](O)[C@H](O)[C@H](O)CO;-6.41255;-5.33555;beide
O=C([O-])[C@@H](S)[C@@H](S)C(=O)[O-];-4.53454;-6.15195;beide
O=C([O-])[C@H](O)[C@@H](O)C(=O)[O-];-4.36684;-6.06194;beide
O=C([O-])[C@H](O)[C@@H](O)[C@H](O)[C@H](O)CO;-6.67066;-4.51502;beide
O=C([O-])[C@H](O)[C@H](O)[C@@H](O)[C@H](O)[C@H](O)CO;-6.7407;-5.37927;beide
O=C([O-])[C@H]1/C(=C/CO)O[C@@H]2CC(=O)N21;-4.04318;-6.51122;beide
O=C([O-])[C@H]1O[C@H](O)[C@H](O)[C@@H](O)[C@@H]1O;-6.37338;-6.74007;beide
O=C([O-])c1[nH]c(=O)[n-]c(=O)[nH+]1;-5.00645;-5.67302;beide
O=C([O-])c1[nH]c(=O)[nH]c(=O)[nH+]1;-4.7715;-5.38761;beide
O=C([O-])c1ccc[nH+]c1;-4.34449;-4.19599;beide
O=C([O-])c1ccccc1;-5.39806;-5.68423;beide
O=C([O-])c1ccccc1O;-5.75864;-6.25605;beide
O=C([O-])c1cccnc1;-5.45782;-6.51034;beide
O=C([O-])c1cncc(F)c1;-5.4783;-6.92314;beide
O=C([O-])c1nc(=O)[n-]c(=O)[nH]1;-1.95132;-4.00032;beide
O=C([O-])c1nc(=O)[nH]c(=O)[n-]1;-4.86799;-5.77962;beide
O=C([O-])c1nc(=O)[nH]c(=O)[nH]1;-3.62026;-4.92697;beide
O=C1C(O)=C([O-])O[C@@H]1[C@@H](O)CO;-6.05904;-6.03683;beide
O=C1CCO1;-4.72685;-5.24152;beide
O=C1CSC(=O)N1;-5.87526;-7.18542;beide
O=C1CSC(=O)[N-]1;-4.02804;-6.70285;beide
O=C1NCC(=O)N2CCC[C@@H]12;-5.36943;-5.64104;beide
O=C1N[C@H](O)CCN1[C@@H]1O[C@H](CO)[C@@H](O)C1(F)F;-6.20552;-5.19036;beide
O=C1O[C@H](CO)[C@@H](O)[C@H](O)[C@H]1O;-6.88268;-7.03326;beide
O=C1[N-]S(=O)(=O)c2ccccc21;-5.36857;-5.54487;beide
O=C=O;-3.2963;-3.2565;beide
O=CN(O)CCCP(=O)([O-])O;-5.58969;-4.13158;beide
O=CN(O)CCCP(=O)([O-])[O-];-3.64818;-2.40668;beide
O=C[C@H](O)[C@@H](O)[C@@H](O)[C@H](O)CO;-5.78223;-6.5243;beide
O=C[C@H](O)[C@@H](O)[C@H](O)CO;-6.00516;-6.24562;beide
O=NN(CCCl)C(=O)NCCCl;-5.48809;-3.87049;beide
O=NO;0.0685235;-0.0302851;beide
O=O;-2.75555;-2.63149;beide
O=P([O-])(NCCCl)NCCCl;-3.4831;-2.9939;beide
O=P([O-])(O)C(O)(Cn1cc[nH+]c1)P(=O)([O-])O;-6.47161;-3.7108;beide
O=P([O-])(O)C(O)(Cn1ccnc1)P(=O)([O-])O;-4.59284;-2.88933;beide
O=P([O-])(O)CP(=O)([O-])O;-4.49378;-4.66683;beide
O=P([O-])(O)F;-1.42684;-1.94758;beide
O=P([O-])(O)O;-3.76329;-3.49952;beide
O=P([O-])(O)OCC(Cl)(Cl)Cl;-4.38031;-3.17737;beide
O=P([O-])(O)OP(=O)([O-])OP(=O)([O-])O;-0.897726;-0.997576;beide
O=P([O-])([O-])C(Cl)(Cl)P(=O)([O-])O;-2.73552;-4.69938;beide
O=P([O-])([O-])CP(=O)([O-])O;-3.87887;-4.45964;beide
O=P([O-])([O-])F;-4.23859;-4.20262;beide
O=P([O-])([O-])O;-2.94386;-2.78759;beide
O=P([O-])([O-])OCC(Cl)(Cl)Cl;-5.16007;-4.58117;beide
O=P([O-])([O-])OP(=O)([O-])OP(=O)([O-])O;-1.25731;-1.90771;beide
O=P([O-])([O-])OP(=O)([O-])OP(=O)([O-])[O-];-1.32759;-2.07051;beide
O=P([O-])([O-])[C@@](O)(Cn1cc[nH+]c1)P(=O)([O-])O;-6.43987;-4.02401;beide
O=P([O-])([O-])[C@@](O)(Cn1ccnc1)P(=O)([O-])O;-4.48529;-2.94295;beide
O=P([O-])([O-])[C@](O)(Cn1cc[nH+]c1)P(=O)([O-])O;-6.91622;-4.16517;beide
O=P([O-])([O-])[C@](O)(Cn1ccnc1)P(=O)([O-])O;-3.0816;-2.94419;beide
O=S(=O)([O-])CCCS(=O)(=O)[O-];-4.38595;-4.22408;beide
O=S(=O)([O-])CCS;-4.98363;-5.09789;beide
O=S(=O)([O-])CI;-3.84629;-5.0694;beide
O=S(=O)([O-])[O-];-3.84598;-3.88702;beide
O=S(=O)([O-])c1cc(O)ccc1O;-6.31042;-6.80148;beide
O=[N+]([O-])O;-1.39959;-1.36568;beide
O=[N+]([O-])O[C@@H]1CO[C@H]2[C@@H]1OC[C@@H]2O;-5.80314;-5.15543;beide
O=[N+]([O-])O[C@H]1CO[C@H]2[C@@H]1OC[C@H]2O[N+](=O)[O-];-4.97464;-4.13753;beide
O=[N+]([O-])[O-];-2.72832;-3.36436;beide
O=[N+]([O-])c1ccc([O-])c2ncccc12;-4.655;-4.51993;beide
O=[N+]([O-])c1cncn1CCN1CCOCC1;-3.7947;-3.53924;beide
O=[N+]([O-])c1cncn1CC[NH+]1CCOCC1;-6.3337;-3.19855;beide
O=[O+][O-];-5.27193;-5.14986;beide
O=[P@@]1(N(CCCl)CCCl)NCCCO1;-3.28564;-3.51346;beide
O=[P@@]1(NCCCl)OCCCN1CCCl;-4.24305;-4.72492;beide
O=[P@]1(N(CCCl)CCCl)NCCCO1;-4.13928;-3.61233;beide
O=[P@]1(NCCCl)OCCCN1CCCl;-4.6171;-3.83443;beide
O=[Si](O)O[Si](O)(O)O[Si](=O)O;-4.89075;-5.37807;beide
O=[Si]=O;-3.84238;-4.65584;beide
O=c1[n-]c(=O)n([C@@H]2CCCO2)cc1F;-4.64716;-4.91298;beide
O=c1[n-]c(=O)n([C@H]2CCCO2)cc1F;-5.17448;-4.92165;beide
O=c1[n-]c2cc(Cl)ccc2o1;-4.64887;-4.37485;beide
O=c1[n-]cc(F)c(=O)[nH]1;-5.48403;-6.3669;beide
O=c1[n-]cnc2[nH]ncc12;-2.28206;-4.17006;beide
O=c1[n-]oc2c1CCNC2;-2.84595;-4.06589;beide
O=c1[n-]oc2c1CC[NH2+]C2;-6.13789;-6.70845;beide
O=c1[nH]c(=O)n([C@@H]2CCCO2)cc1F;-6.75983;-5.98093;beide
O=c1[nH]c(=O)n([C@H]2CCCO2)cc1F;-6.70919;-6.42566;beide
O=c1[nH]c2cc(Cl)ccc2o1;-7.03373;-6.41108;beide
O=c1[nH]cc(F)c(=O)[nH]1;-6.13906;-6.98517;beide
O=c1[nH]cc(N(CCCl)CCCl)c(=O)[nH]1;-5.85895;-3.93085;beide
O=c1[nH]cnc2[nH]ncc12;-6.01695;-7.10048;beide
O=c1cc([O-])c(Cl)c[nH]1;-5.41599;-6.83247;beide
O=c1cc[n-]c(=O)[nH]1;-3.65873;-4.77997;beide
O=c1cc[nH]c(=O)[nH]1;-5.86437;-7.22158;beide
O=c1ccc2ccccc2o1;-6.98073;-7.07374;beide
OB(O)O;-4.7906;-4.677;beide
OB1OCc2cc(F)ccc21;-7.20398;-7.29021;beide
OC(O)C(Cl)(Cl)Cl;-6.18434;-6.14766;beide
OCC(O)CO;-2.57616;-3.50766;beide
OCCN1C[C@H](O)[C@@H](O)[C@H](O)[C@H]1CO;-4.24506;-4.15413;beide
OCCNCCO;-0.129312;-0.0895759;beide
OCC[N@@H+]1C[C@H](O)[C@@H](O)[C@H](O)[C@H]1CO;-6.42752;-6.04239;beide
OCC[N@H+]1C[C@H](O)[C@@H](O)[C@H](O)[C@H]1CO;-7.28843;-6.44431;beide
OCC[NH2+]CCO;-3.59539;-2.51792;beide
OCCc1ccc(O)c(O)c1;-5.81045;-6.57869;beide
OC[C@@H](O)C(O)[C@@H](O)CO;-5.44182;-5.11902;beide
OC[C@@H](O)[C@@H](O)[C@H](O)[C@H](O)CO;-6.2953;-5.76747;beide
OC[C@@H](S)CS;-4.73396;-5.24165;beide
OC[C@@H]([S-])CS;-0.865846;-1.41283;beide
OC[C@@H]1O[C@@H](O)C[C@@H](O)[C@@H]1O;-6.66289;-6.62282;beide
OC[C@@H]1O[C@@H](O)C[C@@H](O)[C@H]1O;-6.62612;-6.20277;beide
OC[C@@H]1O[C@@H](O)C[C@H](O)[C@H]1O;-6.19666;-6.26995;beide
OC[C@@H]1O[C@H](O)C[C@@H](O)[C@H]1O;-6.47415;-6.30468;beide
OC[C@@H]1O[C@H](O)C[C@H](O)[C@H]1O;-5.98429;-6.46454;beide
OC[C@H](S)CS;-4.35967;-4.55878;beide
OC[C@H]([S-])CS;-0.321787;-1.64394;beide
OC[C@H]1O[C@@H](O)C[C@@H](O)[C@@H]1O;-6.43555;-6.50986;beide
OC[C@H]1O[C@@H](O)C[C@@H](O)[C@H]1O;-5.55144;-6.49075;beide
OC[C@H]1O[C@@H](O)C[C@H](O)[C@H]1O;-6.71503;-7.41856;beide
OC[C@H]1O[C@@H](O)[C@H](F)[C@@H](O)[C@@H]1O;-6.68396;-6.25582;beide
OC[C@H]1O[C@@H](O)[C@H](O)[C@@H](O)[C@@H]1O;-6.72362;-6.78959;beide
OC[C@H]1O[C@H](O)C[C@@H](O)[C@H]1O;-6.3926;-6.50254;beide
OC[C@H]1O[C@H](O)C[C@H](O)[C@H]1O;-6.88774;-6.88348;beide
OC[C@H]1O[C@H](O)[C@H](F)[C@@H](O)[C@@H]1O;-7.05044;-6.32574;beide
OC[C@H]1O[C@H](O)[C@H](O)[C@@H](O)[C@@H]1O;-5.91228;-6.93194;beide
OC[C@H]1[NH2+]C[C@H](O)[C@@H](O)[C@H]1O;-8.22045;-7.79;beide
OCc1ccccc1;-6.78333;-6.75348;beide
OCl;-3.51126;-3.75746;beide
OO;1.34617;1.59467;beide
O[C@@H]1CO[C@H]2[C@@H]1OC[C@@H]2O;-6.7738;-6.68696;beide
O[C@H]([C@H](O)[C@@H](O)CBr)[C@H](O)CBr;-5.90096;-3.76053;beide
O[C@H]([C@H](O)[C@@H]1CO1)[C@H]1CO1;-5.8136;-5.8959;beide
O[C@H]1[C@H](O)[C@@H](O)[C@H](O)[C@@H](O)[C@H]1O;-7.46083;-7.18726;beide
Oc1ccc(O)cc1;-5.91196;-6.59101;beide
Oc1ccccc1;-6.34043;-6.38572;beide
Oc1noc2c1CCNC2;-5.65543;-5.45348;beide
Oc1noc2c1CC[NH2+]C2;-5.54738;-5.81957;beide
S=c1[nH]cnc2[nH]cnc12;-5.97623;-5.84396;beide
S=c1[nH]cnc2nc[nH]c12;-5.60448;-7.94507;beide
[C-]#[O+];-2.94252;-2.93766;beide
[H]/N=C(/N=C(N)N)NCCCC;-2.28457;-2.1076;beide
[H]/N=C(/[NH2+]P(=O)([O-])[O-])N(C)CC(=O)[O-];-4.58815;-2.17484;beide
[H]/N=C(\N=C(N)N)NCCCC;-2.64691;-1.53303;beide
[H]/N=C(\[NH2+]P(=O)([O-])[O-])N(C)CC(=O)[O-];-4.12064;-2.79564;beide
[H]/N=c1/ncn([C@@H]2O[C@H](CO)[C@@H](O)[C@H]2O)c(=O)[nH]1;-7.91916;-6.23479;beide
[H]/N=c1/ncn([C@H]2C[C@H](O)[C@@H](CO)O2)c(=O)[nH]1;-8.08509;-7.95804;beide
[H]/N=c1\ncn([C@H]2C[C@H](O)[C@@H](CO)O2)c(=O)[nH]1;-7.04605;-5.71547;beide
[N-]=[N+]=O;-4.1099;-4.11888;beide
[NH-]/C(N)=N/S(=O)(=O)c1ccc(N)cc1;-1.4741;-1.55809;beide
[NH-]/C(N)=N\S(=O)(=O)c1ccc(N)cc1;-4.63499;-2.48134;beide
[NH-]c1n[n+](=O)c2ccccc2n1O;-7.97977;-6.90684;beide
[NH3+]C(CO)(CO)CO;-5.7836;-4.46849;beide
[NH3+]C12C[C@H]3C[C@@H](C1)C[C@@H](C2)C3;-6.26968;-6.19019;beide
[NH3+]CC(=O)CCC(=O)[O-];-5.94552;-5.48721;beide
[NH3+]CC(=O)[O-];-3.10448;-3.10873;beide
[NH3+]CC1(CC(=O)[O-])CCCCC1;-6.01918;-7.11412;beide
[NH3+]CCC(=O)N[C@@H](Cc1c[nH]c[nH+]1)C(=O)[O-];-6.64374;-6.78778;beide
[NH3+]CCC(=O)N[C@@H](Cc1c[nH]cn1)C(=O)[O-];-4.71151;-5.14554;beide
[NH3+]CCC(=O)N[C@@H](Cc1cnc[nH]1)C(=O)[O-];-4.54711;-4.81635;beide
[NH3+]CCC(O)(P(=O)([O-])O)P(=O)([O-])O;-3.7468;-4.74162;beide
[NH3+]CCCC(O)(P(=O)([O-])O)P(=O)([O-])O;-3.51129;-4.52862;beide
[NH3+]CCCCCC(=O)[O-];-5.32489;-4.51841;beide
[NH3+]CCCCC[C@@](O)(P(=O)([O-])[O-])P(=O)([O-])O;-6.02345;-3.01851;beide
[NH3+]CCCCC[C@](O)(P(=O)([O-])[O-])P(=O)([O-])O;-6.03862;-3.60958;beide
[NH3+]CCCC[NH2+]CCC[NH3+];-7.11404;-4.37829;beide
[NH3+]CCCC[NH3+];-6.92741;-4.69811;beide
[NH3+]CCCS(=O)(=O)[O-];-5.54191;-5.47863;beide
[NH3+]CCC[C@@](O)(P(=O)([O-])[O-])P(=O)([O-])O;-5.21163;-5.12345;beide
[NH3+]CCC[C@@]([NH3+])(C(=O)[O-])C(F)F;-7.04015;-5.75554;beide
[NH3+]CCC[C@H]([NH3+])C(=O)[O-];-6.79588;-5.19654;beide
[NH3+]CCC[C@](O)(P(=O)([O-])[O-])P(=O)([O-])O;-5.12192;-5.65766;beide
[NH3+]CCC[C@]([NH3+])(C(=O)[O-])C(F)F;-6.91251;-6.45318;beide
[NH3+]CCC[NH2+]CCSP(=O)([O-])O;-4.59118;-0.875235;beide
[NH3+]CCC[NH2+]CCSP(=O)([O-])[O-];-8.16922;-3.30925;beide
[NH3+]CCNCCNCC[NH3+];-4.44827;-3.49627;beide
[NH3+]CCNCC[NH2+]CC[NH3+];-6.66759;-5.1205;beide
[NH3+]CCS;-5.52287;-5.71974;beide
[NH3+]CCS(=O)(=O)[O-];-5.80777;-5.8672;beide
[NH3+]CC[C@@](O)(P(=O)([O-])[O-])P(=O)([O-])O;-3.4693;-5.9315;beide
[NH3+]CC[C@](O)(P(=O)([O-])[O-])P(=O)([O-])O;-3.73492;-6.15779;beide
[NH3+]CC[NH3+];-4.57163;-2.44734;beide
[NH3+]CC[S-];-0.810513;-0.972167;beide
[NH3+]CCc1c[nH]c2ccc(O)cc12;-8.62715;-6.34253;beide
[NH3+]CCc1c[nH]c[nH+]1;-7.70961;-5.59664;beide
[NH3+]CCc1c[nH]cn1;-7.02473;-6.52756;beide
[NH3+]CCc1cc[nH]n1;-7.21989;-6.67073;beide
[NH3+]CCc1ccc(O)c(O)c1;-8.0265;-6.8061;beide
[NH3+]CCc1ccc(O)cc1;-7.91157;-7.31145;beide
[NH3+]CCc1ccn[nH]1;-6.99529;-7.73689;beide
[NH3+]CCc1cnc[nH]1;-7.59785;-7.25968;beide
[NH3+]C[C@@H](CC(=O)[O-])c1ccc(Cl)cc1;-7.13391;-5.14299;beide
[NH3+]C[C@@]1(CC(=O)[O-])[C@@H]2CC[C@H]3C[C@@H]2[C@@H]1C3;-6.27122;-4.79072;beide
[NH3+]C[C@H](O)c1ccc(O)c(O)c1;-9.48344;-8.15909;beide
[NH3+]C[C@H]1CC[C@H](C(=O)[O-])CC1;-8.30181;-6.42234;beide
[NH3+]NCCc1ccccc1;-7.17896;-6.70804;beide
[NH3+][C@@H](CC(=O)[O-])C(=O)[O-];-4.95037;-5.59101;beide
[NH3+][C@@H](CCC(=O)[O-])C(=O)[O-];-5.1731;-4.75837;beide
[NH3+][C@@H](CO)C(=O)[O-];-4.53337;-5.12157;beide
[NH3+][C@@H](CS)C(=O)[O-];-5.26101;-5.41774;beide
[NH3+][C@@H](CSCC(=O)[O-])C(=O)[O-];-5.58255;-5.3281;beide
[NH3+][C@@H](C[S-])C(=O)[O-];-2.54508;-3.19631;beide
[NH3+][C@@H](Cc1c[nH]c2ccccc12)C(=O)[O-];-9.05912;-5.08634;beide
[NH3+][C@@H](Cc1cc(O)c(O)cc1F)C(=O)[O-];-7.3538;-5.32953;beide
[NH3+][C@@H](Cc1cc(O)c([O-])cc1F)C(=O)[O-];-3.54987;-3.02059;beide
[NH3+][C@@H](Cc1ccc(O)c(O)c1)C(=O)[O-];-6.83943;-4.2539;beide
[NH3+][C@@H](Cc1ccc(O)cc1)C(=O)[O-];-7.40743;-5.86532;beide
[NH3+][C@@H](Cc1ccccc1)C(=O)[O-];-7.435;-6.21399;beide
[NH3+][C@@H]1CONC1=O;-6.71725;-6.64274;beide
[NH3+][C@@H]1C[C@H]1c1ccccc1;-7.40473;-6.54393;beide
[NH3+][C@H](C(=O)[O-])[C@H](O)c1ccc(O)c(O)c1;-6.6468;-5.33823;beide
[NH3+][C@H](CO)C(=O)[O-];-4.65181;-4.97409;beide
[NH3+][C@]1(C(=O)[O-])C[C@@H](F)C1;-6.53934;-6.27953;beide
[NH4+];-4.23492;-3.791;beide
[O-][Cl+3]([O-])([O-])[O-];-3.8848;-3.45911;beide
[O-]n1ccccc1=S;-5.27029;-6.72694;beide
[S-]c1ncnc2[nH]cnc12;-3.87792;-4.17472;beide
[S-]c1ncnc2nc[nH]c12;-4.28097;-5.68895;beide
[SiH4];-3.11937;-3.22286;beide
c1cc[nH]c1;-5.79015;-5.84197;beide
c1ccc(CC2=[NH+]CCN2)cc1;-6.00287;-5.47122;beide
c1ccc2c(c1)OC[C@@H](C1=[NH+]CCN1)O2;-6.37696;-5.14269;beide
c1ccc2c(c1)OC[C@H](C1=[NH+]CCN1)O2;-6.6408;-5.74853;beide
c1cnccn1;-4.87074;-5.54166;beide
c1cncnc1;-5.43488;-6.15184;beide
C#Cc1cnc2[n-]c(=O)n(C(CC)CC)c2n1;-2.5931;5;nur SLC6A19
C#Cc1cnc2[nH]c(=O)n(C(CC)CC)c2n1;-6.11671;5;nur SLC6A19
C(=C/c1cccs1)\c1cc[nH]n1;-4.71269;5;nur SLC6A19
C/C(O)=N/c1nnc(S(N)(=O)=O)s1;-4.76317;5;nur SLC6A19
C/C([O-])=C(\C#N)C(=O)Nc1ccc(C(F)(F)F)cc1;-4.33405;5;nur SLC6A19
C=C(CC)C(=O)c1ccc(OCC(=O)[O-])c(Cl)c1Cl;-4.92158;5;nur SLC6A19
C=CCOc1ccc(CC(=O)[O-])cc1Cl;-4.87067;5;nur SLC6A19
CC(/C=N/N=C(/[NH-])N)=N\N=C(\[NH-])N;-6.42565;5;nur SLC6A19
CC(/C=N/N=C(\[NH-])N)=N\N=C(/[NH-])N;-4.19419;5;nur SLC6A19
CC(/C=N/N=C(\[NH-])N)=N\N=C(\[NH-])N;-4.95177;5;nur SLC6A19
CC(/C=N/NC(N)=[NH2+])=N\NC(N)=[NH2+];-3.95794;5;nur SLC6A19
CC(=O)/N=c1/sc(S(N)(=O)=O)nn1C;-3.24743;5;nur SLC6A19
CC(=O)Nc1nnc(S(N)(=O)=O)s1;-7.57328;5;nur SLC6A19
CC(=O)Nc1sc(S(N)(=O)=O)n[n+]1C;-8.07481;5;nur SLC6A19
CC(=O)Nc1sc(S([NH-])(=O)=O)n[n+]1C;-6.01012;5;nur SLC6A19
CC(=O)Oc1cc(C(F)(F)F)ccc1C(=O)[O-];1.06314;5;nur SLC6A19
CC(=O)[C@@H](C#N)C(=O)Nc1ccc(C(F)(F)F)cc1;-4.88696;5;nur SLC6A19
CC(=O)[C@H](C#N)C(=O)Nc1ccc(C(F)(F)F)cc1;-2.86064;5;nur SLC6A19
CC(C)(C(=O)c1cccnc1)c1cccnc1;-4.35997;5;nur SLC6A19
CC(C)(C)[C@@H](O)/C=C/c1ccc2c(c1)OCO2;-4.92702;5;nur SLC6A19
CC(C)(C)[C@H](O)/C=C/c1ccc2c(c1)OCO2;-5.06237;5;nur SLC6A19
CC(C)(C)[NH2+]C[C@@H](O)c1cc(O)cc(O)c1;-7.69456;5;nur SLC6A19
CC(C)(C)[NH2+]C[C@@H](O)c1cc([O-])cc(O)c1;-5.50298;5;nur SLC6A19
CC(C)(C)[NH2+]C[C@@H](O)c1ccc(O)c(CO)n1;-5.62476;5;nur SLC6A19
CC(C)(C)[NH2+]C[C@H](O)c1cc(O)cc(O)c1;-5.91909;5;nur SLC6A19
CC(C)(C)[NH2+]C[C@H](O)c1cc([O-])cc(O)c1;-4.70555;5;nur SLC6A19
CC(C)(C)[NH2+]C[C@H](O)c1ccc(O)c(CO)c1;-7.0177;5;nur SLC6A19
CC(C)(C)[NH2+]C[C@H](O)c1ccc(O)c(CO)n1;-5.29681;5;nur SLC6A19
CC(C)(C)[NH2+]C[C@H](O)c1ccc([O-])c(CO)[nH+]1;-5.87199;5;nur SLC6A19
CC(C)(C)[NH2+]C[C@H](O)c1ccc([O-])c(CO)n1;-3.63902;5;nur SLC6A19
CC(C)(CO)[C@@H](O)C(=O)NCCC(=O)[O-];-3.83467;5;nur SLC6A19
CC(C)(CO)[C@@H](O)C(=O)NCCCO;-2.72375;5;nur SLC6A19
CC(C)(CO)[C@H](O)C(=O)NCCCO;-3.32298;5;nur SLC6A19
CC(C)(O)c1[nH+]c2ccc(Cl)cc2cc1N;-3.33223;5;nur SLC6A19
CC(C)(O)c1nc2ccc(Cl)cc2cc1N;-4.99754;5;nur SLC6A19
CC(C)(Oc1ccc([C@@H]2CC2(Cl)Cl)cc1)C(=O)[O-];-4.83595;5;nur SLC6A19
CC(C)(Oc1ccc([C@H]2CC2(Cl)Cl)cc1)C(=O)[O-];-3.88044;5;nur SLC6A19
CC(C)C(=O)Nc1ccc([N+](=O)[O-])c(C(F)(F)F)c1;-6.82623;5;nur SLC6A19
CC(C)Cc1ccc(CC(=O)[O-])cc1;-6.99949;5;nur SLC6A19
CC(C)Cc1ccc([C@@H](C)C(=O)[O-])cc1;-6.09957;5;nur SLC6A19
CC(C)Cc1ccc([C@H](C)C(=O)[O-])cc1;-4.92894;5;nur SLC6A19
CC(C)[NH2+]C[C@@H](O)c1cc([O-])cc(O)c1;-5.83597;5;nur SLC6A19
CC(C)[NH2+]C[C@@H](O)c1ccc([N-]S(C)(=O)=O)cc1;-5.11339;5;nur SLC6A19
CC(C)[NH2+][C@@H](C)Cc1ccc(I)cc1;-5.71825;5;nur SLC6A19
CC(C)[NH2+][C@H](C)Cc1ccc(I)cc1;-6.83505;5;nur SLC6A19
CC(C)c1cccc([C@H](C)C2CC2)c1O;-5.06925;5;nur SLC6A19
CC1=C[C@@H]2CN(C(=O)N2OS(=O)(=O)[O-])[C@@H]1C(N)=O;-6.20963;5;nur SLC6A19
CC1=NS(=O)(=O)c2cc(Cl)ccc2N1;-5.67262;5;nur SLC6A19
CC1=NS(=O)(=O)c2cc(Cl)ccc2[N-]1;-1.60837;5;nur SLC6A19
CCC(CO[N+](=O)[O-])(CO[N+](=O)[O-])CO[N+](=O)[O-];-0.724043;5;nur SLC6A19
CCCCCCCCCCC(=O)[O-];-0.796353;5;nur SLC6A19
CCCCCCOC(=O)CCC(=O)CN;-0.50696;5;nur SLC6A19
CCCCOC(=O)c1ccc(N)cc1;-4.04276;5;nur SLC6A19
CCCCOCCOC(=O)c1cccnc1;-0.00998731;5;nur SLC6A19
CCCCOc1ccc(CC(=O)NO)cc1;-0.37298;5;nur SLC6A19
CCCCOc1ccc(CC(=O)N[O-])cc1;-1.72343;5;nur SLC6A19
CCCC[N@H+]1C[C@H](O)[C@@H](O)[C@H](O)[C@H]1CO;-7.02891;5;nur SLC6A19
CCCN[C@@H](C)C(=O)Nc1ccccc1C;-2.12844;5;nur SLC6A19
CCCN[C@H](C)C(=O)Nc1ccccc1C;2.91307;5;nur SLC6A19
CCCSc1ccc2[nH]/c(=N/C(=O)OC)[nH]c2c1;-5.97246;5;nur SLC6A19
CCCSc1ccc2[nH]c(NC(=O)OC)nc2c1;-0.0827545;5;nur SLC6A19
CCC[C@H](C)C1(CC)C(=O)NC(=S)NC1=O;-6.50872;5;nur SLC6A19
CCC[NH2+][C@@H](C)C(=O)Nc1ccccc1C;-4.72652;5;nur SLC6A19
CCC[NH2+][C@H](C)C(=O)Nc1ccccc1C;-3.25662;5;nur SLC6A19
CCN(CC)C(=O)c1cccc(C)c1;-5.28634;5;nur SLC6A19
CCN1C(=O)N[C@@H](c2ccccc2)C1=O;-7.51373;5;nur SLC6A19
CCOC(=O)C(C)(C)Oc1ccc(Cl)cc1;-0.690175;5;nur SLC6A19
CCOC(=O)[C@@](C)(N)Cc1ccc(O)c(O)c1;-3.64681;5;nur SLC6A19
CCOC(=O)[C@@](C)([NH3+])Cc1ccc(O)c(O)c1;-4.51899;5;nur SLC6A19
CCOP(=O)(OCC)SCC[N+](C)(C)C;-5.45956;5;nur SLC6A19
CCOP(=O)(OCC)[C@@H](C)NC(=O)N(CCCl)N=O;-3.44639;5;nur SLC6A19
CCOc1ccc(NC(=O)C[C@@H](C)O)cc1;-6.78884;5;nur SLC6A19
CCOc1ccc(NC(=O)C[C@H](C)O)cc1;-5.07062;5;nur SLC6A19
CCOc1ccc2nc(S(N)(=O)=O)sc2c1;-6.46252;5;nur SLC6A19
CCOc1ccc2nc(S([NH-])(=O)=O)sc2c1;-3.49162;5;nur SLC6A19
CC[C@@H]([NH2+]C(C)C)[C@@H](O)c1ccc(O)c(O)c1;-6.53745;5;nur SLC6A19
CC[C@@H]([NH2+]C(C)C)[C@H](O)c1ccc(O)c(O)c1;-7.84496;5;nur SLC6A19
CC[C@@]1(c2ccccc2)CCC(=O)NC1=O;-7.73289;5;nur SLC6A19
CC[C@H]([NH2+]C(C)C)[C@@H](O)c1ccc(O)c(O)c1;-6.41455;5;nur SLC6A19
CC[C@H]([NH2+]C(C)C)[C@H](O)c1ccc(O)c(O)c1;-7.19368;5;nur SLC6A19
CC[C@]1(c2ccccc2)NC(=O)N(C)C1=O;-6.76058;5;nur SLC6A19
CC[NH+](CC)CCNC(=O)c1ccc(N)cc1;-2.39873;5;nur SLC6A19
CC[NH+](CC)CCOC(=O)c1ccc(N)cc1;-0.21679;5;nur SLC6A19
CC[NH+](CC)CCc1nc(-c2ccccc2)no1;-5.54947;5;nur SLC6A19
CC[NH+](CC)[C@H](C)C(=O)c1ccccc1;-6.29317;5;nur SLC6A19
CC[NH2+][C@@H](C)Cc1cccc(C(F)(F)F)c1;-7.41109;5;nur SLC6A19
CC[NH2+][C@H](C)Cc1cccc(C(F)(F)F)c1;-5.70611;5;nur SLC6A19
CN(C)C(=O)Oc1cccc([N+](C)(C)C)c1;-6.93237;5;nur SLC6A19
CN1C(=O)C[C@@H](c2ccccc2)C1=O;-5.69525;5;nur SLC6A19
CN1C(=O)C[C@](C)(c2ccccc2)C1=O;-6.12014;5;nur SLC6A19
CNC(=NC#N)NCCSCc1[nH+]c[nH]c1C;-3.98602;5;nur SLC6A19
CNC(=NC#N)NCCSCc1[nH]cnc1C;-2.69087;5;nur SLC6A19
CNC(=NC#N)NCCSCc1nc[nH]c1C;-1.9476;5;nur SLC6A19
CNNCc1ccc(C(=O)NC(C)C)cc1;-1.14136;5;nur SLC6A19
COC(=O)C1=CO[C@@H](O)[C@@H]2C(CO)=CC[C@H]12;-6.19508;5;nur SLC6A19
COC[C@@H](NC(C)=O)C(=O)NCc1ccccc1;-4.97708;5;nur SLC6A19
COc1c2ccoc2cc2oc(=O)ccc12;-6.94051;5;nur SLC6A19
COc1c2occc2cc2ccc(=O)oc12;-4.84298;5;nur SLC6A19
COc1ccc(C[NH+]2CC[NH2+]CC2)c(OC)c1OC;-5.37147;5;nur SLC6A19
COc1ccc(OC)c([C@@H](O)CNC(=O)CN)c1;-4.01137;5;nur SLC6A19
COc1ccc(OC)c([C@@H](O)CNC(=O)C[NH3+])c1;-2.73362;5;nur SLC6A19
COc1ccc(OC)c([C@H](O)CNC(=O)CN)c1;-2.1859;5;nur SLC6A19
COc1ccc2[nH]cc(CCNC(C)=O)c2c1;-6.05525;5;nur SLC6A19
COc1ccc2cc([C@H](C)C(=O)[O-])ccc2c1;-3.20395;5;nur SLC6A19
COc1ccc2cccc(CCNC(C)=O)c2c1;-4.96937;5;nur SLC6A19
COc1ccccc1OC[C@H](O)COC(N)=O;-6.42323;5;nur SLC6A19
COc1nc(C)nc(Cl)c1N=C1NCCN1;-2.29738;5;nur SLC6A19
COc1nc(C)nc(Cl)c1NC1=[NH+]CCN1;-3.40679;5;nur SLC6A19
CS(=O)(=O)OCCCCOS(C)(=O)=O;-5.85047;5;nur SLC6A19
CS(=O)(=O)OC[C@H](O)[C@@H](O)COS(C)(=O)=O;-7.25243;5;nur SLC6A19
C[C@@H](C(=O)[O-])c1ccc(C(=O)c2cccs2)cc1;-4.67898;5;nur SLC6A19
C[C@@H](C(=O)[O-])c1ccc(C[C@@H]2CCCC2=O)cc1;-5.6899;5;nur SLC6A19
C[C@@H](C(=O)[O-])c1ccc(C[C@H]2CCCC2=O)cc1;-5.42156;5;nur SLC6A19
C[C@@H](C(=O)[O-])c1ccc(N2CC=CC2)c(Cl)c1;-4.61066;5;nur SLC6A19
C[C@@H](CN1CC(=O)NC(=O)C1)[NH+]1CC(=O)NC(=O)C1;-4.23292;5;nur SLC6A19
C[C@@H](O)[C@H]1C(=O)N2C(C(=O)[O-])=C(SCCNC=[NH2+])C[C@H]12;-4.35853;5;nur SLC6A19
C[C@@H](c1cc2ccccc2s1)N(O)C(N)=O;-3.85815;5;nur SLC6A19
C[C@@H](c1cc2ccccc2s1)N([O-])C(N)=O;-1.73314;5;nur SLC6A19
C[C@@](Cc1ccc(O)c(O)c1)([NH2+]N)C(=O)[O-];-8.06761;5;nur SLC6A19
C[C@@](Cc1ccc(OP(=O)([O-])O)c(O)c1)([NH2+]N)C(=O)[O-];-5.06428;5;nur SLC6A19
C[C@@](Cc1ccc(OP(=O)([O-])[O-])c(O)c1)([NH2+]N)C(=O)[O-];-6.04109;5;nur SLC6A19
C[C@H](C(=O)[O-])c1ccc(C[C@@H]2CCCC2=O)cc1;-4.28091;5;nur SLC6A19
C[C@H](C(=O)[O-])c1ccc(C[C@H]2CCCC2=O)cc1;-5.03681;5;nur SLC6A19
C[C@H](C(=O)[O-])c1ccc(N2CC=CC2)c(Cl)c1;-4.92024;5;nur SLC6A19
C[C@H](C[NH+](C)C)[C@@](C)(O)Cc1ccc(Cl)cc1;-6.4774;5;nur SLC6A19
C[C@H](Cn1cnc2c(N)ncnc21)OCP(=O)([O-])O;-6.37915;5;nur SLC6A19
C[C@H](Cn1cnc2c(N)ncnc21)OCP(=O)([O-])[O-];-5.73022;5;nur SLC6A19
C[C@H](O)C(=O)C1=CN=C2NC(N)=[NH+]C([O-])=C2N1;-4.72843;5;nur SLC6A19
C[C@H](O)C(=O)C1=CNc2[nH]c(N)nc(=O)c2N1;-6.22354;5;nur SLC6A19
C[C@H](O)C(=O)C1=CNc2[nH]c(N)nc(=O)c2[N-]1;-6.5926;5;nur SLC6A19
C[C@H](O)C(=O)C1=CNc2nc(N)[nH]c(=O)c2N1;-2.95006;5;nur SLC6A19
C[C@H](O)C(=O)C1=CNc2nc(N)[nH]c(=O)c2[N-]1;-1.95272;5;nur SLC6A19
C[C@H](O)[C@H](O)[C@H]1CNc2[nH+]c(N)nc(N)c2N1;-6.49361;5;nur SLC6A19
C[C@H](O)[C@H](O)[C@H]1CNc2[nH]c(N)nc(=O)c2N1;-3.27292;5;nur SLC6A19
C[C@H](O)[C@H](O)[C@H]1CNc2nc(N)[nH+]c(N)c2N1;-3.59783;5;nur SLC6A19
C[C@H](O)[C@H](O)[C@H]1CNc2nc(N)[nH]c(=O)c2N1;-5.96011;5;nur SLC6A19
C[C@H](c1cc2ccccc2s1)N(O)C(N)=O;-5.67073;5;nur SLC6A19
C[C@H](c1cc2ccccc2s1)N([O-])C(N)=O;-4.7613;5;nur SLC6A19
C[C@H]1CC[C@@H](NC(=O)N(CCCl)N=O)CC1;-4.96093;5;nur SLC6A19
C[C@H]1CC[C@H](NC(=O)N(CCCl)N=O)CC1;-4.50215;5;nur SLC6A19
C[C@H]1CS(=O)(=O)CCN1/N=C/c1ccc([N+](=O)[O-])o1;-4.89052;5;nur SLC6A19
C[C@H]1O[C@@H](n2cc(F)c(=O)[n-]c2=O)[C@H](O)[C@@H]1O;-5.41132;5;nur SLC6A19
C[C@H]1O[C@@H](n2cc(F)c(=O)[nH]c2=O)[C@H](O)[C@@H]1O;-6.83722;5;nur SLC6A19
C[C@H]1[C@H](c2ccccc2)OCCN1C;-5.58624;5;nur SLC6A19
C[C@H]1[C@H](c2ccccc2)OCC[N@@H+]1C;-6.31409;5;nur SLC6A19
C[C@]([NH3+])(Cc1ccc(O)c(O)c1)C(=O)[O-];-8.49355;5;nur SLC6A19
C[NH+](C)CCc1c[nH]c2ccc(Cn3cncn3)cc12;-7.00609;5;nur SLC6A19
C[NH2+]NCc1ccc(C(=O)NC(C)C)cc1;-2.29116;5;nur SLC6A19
C[NH2+][C@@H]1CCc2[nH]c3ccc(C(N)=O)cc3c2C1;-8.11928;5;nur SLC6A19
C[NH2+][C@]1(c2ccccc2Cl)CCCCC1=O;-6.39268;5;nur SLC6A19
Cc1[n-]c(=O)c(C#N)cc1-c1ccncc1;-2.9069;5;nur SLC6A19
Cc1[nH]c(=O)c(C#N)cc1-c1ccncc1;-4.94869;5;nur SLC6A19
Cc1c(-c2cnccn2)ssc1=S;-5.11754;5;nur SLC6A19
Cc1c([NH+](C)C)c(=O)n(-c2ccccc2)n1C;-4.64052;5;nur SLC6A19
Cc1cc(C(=O)NNCc2ccccc2)no1;-6.08013;5;nur SLC6A19
Cc1cc(C)cc(OC[C@@H]2CNC(=O)O2)c1;-5.01946;5;nur SLC6A19
Cc1cc(C2CCCCC2)n([O-])c(=O)c1;-5.58869;5;nur SLC6A19
Cc1cc(NS(=O)(=O)c2ccc(N)cc2)no1;-2.12682;5;nur SLC6A19
Cc1ccc(-c2ccc(C)c[nH+]2)nc1;-3.98031;5;nur SLC6A19
Cc1ccc(-c2ccc(C)cn2)nc1;-4.47732;5;nur SLC6A19
Cc1ccc(=O)n(-c2ccc(O)cc2)c1;-6.1947;5;nur SLC6A19
Cc1ccc(=O)n(-c2ccccc2)c1;-5.54922;5;nur SLC6A19
Cc1cccc(N2C[C@@H](CO)OC2=O)c1;-7.54808;5;nur SLC6A19
Cc1cccc(N2C[C@H](CO)OC2=O)c1;-6.24298;5;nur SLC6A19
Cc1cccc([C@@H](C)c2c[nH]c[nH+]2)c1C;-4.87617;5;nur SLC6A19
Cc1cccc([C@H](C)c2c[nH]c[nH+]2)c1C;-5.71084;5;nur SLC6A19
Cc1cccc([C@H](C)c2c[nH]cn2)c1C;-4.78103;5;nur SLC6A19
Cc1cccc([C@H](C)c2cnc[nH]2)c1C;-6.53787;5;nur SLC6A19
Cc1cccn2c(=O)c(-c3nnn[n-]3)cnc12;-6.9098;5;nur SLC6A19
Cc1cn([C@@H]2C[C@@H](O)[C@H](CO)O2)c(=O)[nH]c1=O;-6.29613;5;nur SLC6A19
Cc1cn([C@H]2C=C[C@@H](CO)O2)c(=O)[nH]c1=O;-6.96202;5;nur SLC6A19
Cc1cn([C@H]2C[C@H](N=[N+]=[N-])[C@@H](CO)O2)c(=O)[nH]c1=O;-4.99268;5;nur SLC6A19
Cc1nc([N+](=O)[O-])cn1-c1ccc([N+](=O)[O-])cc1;-6.64708;5;nur SLC6A19
Cc1oncc1C(=O)Nc1ccc(C(F)(F)F)cc1;-4.37579;5;nur SLC6A19
Clc1cc(Cl)c(OCC#CI)cc1Cl;-3.88711;5;nur SLC6A19
Clc1cccc(Cl)c1N=C1NCCN1;-3.51842;5;nur SLC6A19
Cn1c(=O)c2c(ncn2CC2OCCO2)n(C)c1=O;-5.40396;5;nur SLC6A19
Cn1c(=O)c2c(ncn2C[C@@H](O)CO)n(C)c1=O;-7.17849;5;nur SLC6A19
Cn1c(=O)c2c(ncn2C[C@H](O)CO)n(C)c1=O;-6.44709;5;nur SLC6A19
Cn1cc([S@@](C)=O)c(=O)c2ccc(F)cc21;-6.47694;5;nur SLC6A19
Cn1cc([S@](C)=O)c(=O)c2ccc(F)cc21;-6.81412;5;nur SLC6A19
FC(F)(F)C(F)(F)C(F)(F)C(F)(F)C(F)(F)C(F)(F)C(F)(F)C(F)(F)Br;-4.22464;5;nur SLC6A19
FC(F)(F)C(F)(F)C(F)(F)C(F)(F)C(F)(F)C(F)(F)F;-5.71547;5;nur SLC6A19
FC(F)(F)c1cccc([C@@H]2CNCCO2)c1;-3.68783;5;nur SLC6A19
FC(F)(F)c1cccc([C@@H]2C[NH2+]CCO2)c1;-4.94254;5;nur SLC6A19
FC(F)(F)c1cccc([C@H]2CNCCO2)c1;-2.78412;5;nur SLC6A19
FC(F)(F)c1cccc([C@H]2C[NH2+]CCO2)c1;-6.94678;5;nur SLC6A19
N#Cc1ccc([C@H]2CCc3c[nH+]cn32)c(F)c1;-6.66267;5;nur SLC6A19
NC(=O)N/N=C/c1ccc([N+](=O)[O-])o1;-7.48789;5;nur SLC6A19
NC(=O)N/N=C1\C=Cc2ccccc2C1=O;-8.02924;5;nur SLC6A19
NC(=O)OC[C@H](O)COc1ccc(Cl)cc1;-4.29608;5;nur SLC6A19
NC(=O)[C@@H]1CC[C@@H]2CN1C(=O)N2OS(=O)(=O)[O-];-5.94644;5;nur SLC6A19
NC(=O)c1[nH+]cn([C@@H]2O[C@H](CO)[C@@H](O)[C@H]2O)c1[O-];-6.34053;5;nur SLC6A19
NC(=O)c1ccc[n+]([C@@H]2O[C@H](CO)[C@@H](O)[C@H]2O)c1;-7.58942;5;nur SLC6A19
NC(=O)c1cn(Cc2c(F)cccc2F)nn1;-7.7227;5;nur SLC6A19
NC(=O)c1ncn([C@@H]2O[C@H](CO)[C@@H](O)[C@H]2O)c1N;-8.48233;5;nur SLC6A19
NC(=O)c1ncn([C@@H]2O[C@H](CO)[C@@H](O)[C@H]2O)c1[O-];-8.21623;5;nur SLC6A19
NC(=S)N/N=C/c1ncccc1N;-7.01756;5;nur SLC6A19
NC(=[NH2+])N/N=C/c1c(Cl)cccc1Cl;-4.75088;5;nur SLC6A19
NC(=[NH2+])NC(=O)Cc1c(Cl)cccc1Cl;-4.75342;5;nur SLC6A19
NC(=[NH2+])NCCN1CCCCCCC1;-3.0534;5;nur SLC6A19
NC(=[NH2+])NCC[NH+]1CCCCCCC1;-6.11084;5;nur SLC6A19
NC(=[NH2+])NC[C@@H]1COC2(CCCCC2)O1;-6.38338;5;nur SLC6A19
NC(=[NH2+])NC[C@H]1COC2(CCCCC2)O1;-6.2411;5;nur SLC6A19
NC(=[NH2+])c1ncn([C@@H]2O[C@H](CO)[C@@H](O)[C@H]2O)n1;-7.7071;5;nur SLC6A19
NC(N)=N/C(N)=[NH+]\CCc1ccccc1;-4.87508;5;nur SLC6A19
NC(N)=NC(=O)c1nc(Cl)c(N)nc1N;-5.11346;5;nur SLC6A19
NC1=[N+](Cc2[nH]c(=O)[nH]c(=O)c2Cl)CCC1;-6.29002;5;nur SLC6A19
NCCONC(=O)[C@@H]1CC[C@@H]2CN1C(=O)N2OS(=O)(=O)[O-];-2.51452;5;nur SLC6A19
NS(=O)(=O)c1ccc(N2CCCCS2(=O)=O)cc1;-7.73378;5;nur SLC6A19
N[C@H](CO)C(=O)NNCc1ccc(O)c(O)c1O;-4.42584;5;nur SLC6A19
Nc1c2c([nH+]c3ccccc13)CCCC2;-7.32099;5;nur SLC6A19
Nc1cc(-c2ccncc2)c[nH]c1=O;-6.49599;5;nur SLC6A19
Nc1cc(Cl)ccc1C(=O)C[C@@H](N)C(=O)[O-];-4.32493;5;nur SLC6A19
Nc1cc(N2CCCCC2)nc(N)[n+]1[O-];-7.56975;5;nur SLC6A19
Nc1ccc(/N=N/c2ccccc2)c(N)[nH+]1;-1.70609;5;nur SLC6A19
Nc1ccc(/N=N/c2ccccc2)c(N)n1;-4.24718;5;nur SLC6A19
Nc1ccc(S(=O)(=O)/N=c2\[nH]ccs2)cc1;-4.0615;5;nur SLC6A19
Nc1ccn(C[C@@H](CO)OCP(=O)([O-])O)c(=O)n1;-6.6133;5;nur SLC6A19
Nc1ccn(C[C@@H](CO)OCP(=O)([O-])[O-])c(=O)n1;-6.78833;5;nur SLC6A19
Nc1nc(N)c(-c2cccc(Cl)c2Cl)n[nH+]1;-3.35337;5;nur SLC6A19
Nc1nc2[nH]cnc2c(OCc2ccccc2)[nH+]1;-3.19343;5;nur SLC6A19
Nc1nc2c(ncn2COC(CO)CO)c(=O)[nH]1;-5.19102;5;nur SLC6A19
Nc1nc2ccc(OC(F)(F)F)cc2s1;-6.49242;5;nur SLC6A19
Nc1ncc2ncn(CC3(OCP(=O)([O-])O)CC3)c2n1;-7.16527;5;nur SLC6A19
Nc1ncc2ncn(CC3(OCP(=O)([O-])[O-])CC3)c2n1;-5.92843;5;nur SLC6A19
Nc1ncnc2c1ncn2CCOCP(=O)([O-])O;-6.08516;5;nur SLC6A19
Nc1ncnc2c1ncn2CCOCP(=O)([O-])[O-];-5.08927;5;nur SLC6A19
Nc1ncnc2c1ncn2[C@@H]1O[C@H](CO)[C@@H](O)[C@H]1O;-4.51171;5;nur SLC6A19
O=C(CCBr)N1CCN(C(=O)CCBr)CC1;-3.9425;5;nur SLC6A19
O=C(C[NH2+][C@@H]1CCNC1)N1CCC[C@H]1B(O)O;-4.58725;5;nur SLC6A19
O=C(NCCN1CCOCC1)c1ccc(Cl)cc1;-2.33836;5;nur SLC6A19
O=C(N[C@H](CO)[C@H](O)c1ccc([N+](=O)[O-])cc1)C(Cl)Cl;-5.44133;5;nur SLC6A19
O=C([O-])/C=C/c1ccc(Cn2cc[nH+]c2)cc1;-7.03796;5;nur SLC6A19
O=C([O-])/C=C/c1ccc(O)c(O)c1;-6.32671;5;nur SLC6A19
O=C([O-])CCCC(=O)NCCc1c[nH]c[nH+]1;-3.63317;5;nur SLC6A19
O=C([O-])CCCC(=O)NCCc1cnc[nH]1;-2.59052;5;nur SLC6A19
O=C([O-])CCCCCCCC(=O)[O-];-1.00224;5;nur SLC6A19
O=C([O-])CCCC[C@@H]1SC[C@@H]2NC(=O)N[C@@H]21;-5.61759;5;nur SLC6A19
O=C([O-])CN(CC[NH+](CC(=O)[O-])CC(=O)[O-])CC(=O)[O-];-2.76473;5;nur SLC6A19
O=C([O-])CSCC(=O)N[C@@H]1CCSC1=O;-5.69626;5;nur SLC6A19
O=C([O-])Cc1ccc(-c2ccccc2)cc1;-6.52994;5;nur SLC6A19
O=C1CC[C@H](NC(=O)Cc2ccccc2)C(=O)N1;0.45489;5;nur SLC6A19
O=C1CN(/N=C/c2ccc([N+](=O)[O-])o2)C(=O)N1;-6.10974;5;nur SLC6A19
O=C1CN(/N=C/c2ccc([N+](=O)[O-])o2)C(=O)[N-]1;-3.46485;5;nur SLC6A19
O=C1NC(=O)[C@@]2(CCOc3ccc(F)cc32)N1;-7.80069;5;nur SLC6A19
O=C1OCCN1/N=C/c1ccc([N+](=O)[O-])o1;-5.19626;5;nur SLC6A19
O=NN(CCCl)C(=O)NC1CCCCC1;-5.65769;5;nur SLC6A19
O=P([O-])(O)C(O)(Cc1cccnc1)P(=O)([O-])O;-5.33373;5;nur SLC6A19
O=P([O-])(O)C(Sc1ccc(Cl)cc1)P(=O)([O-])O;-4.63466;5;nur SLC6A19
O=P([O-])([O-])[C@@](O)(Cc1ccc[nH+]c1)P(=O)([O-])O;-4.09671;5;nur SLC6A19
O=P([O-])([O-])[C@@](O)(Cc1cccnc1)P(=O)([O-])O;-5.07301;5;nur SLC6A19
O=P([O-])([O-])[C@](O)(Cc1ccc[nH+]c1)P(=O)([O-])O;-4.77349;5;nur SLC6A19
O=P([O-])([O-])[C@](O)(Cc1cccnc1)P(=O)([O-])O;-5.01673;5;nur SLC6A19
O=S(=O)([O-])CCSSCCS(=O)(=O)[O-];-5.81584;5;nur SLC6A19
O=c1[n-]c(=O)n([C@@H]2O[C@H](CO)[C@@H](O)[C@@H]2O)cc1/C=C/Br;-3.46685;5;nur SLC6A19
O=c1[n-]c(=O)n([C@H]2C[C@H](O)[C@@H](CO)O2)cc1F;-5.31854;5;nur SLC6A19
O=c1[n-]c(=O)n([C@H]2C[C@H](O)[C@@H](CO)O2)cc1I;-4.12985;5;nur SLC6A19
O=c1[n-]cnc2c([C@@H]3[NH2+][C@H](CO)[C@@H](O)[C@H]3O)c[nH]c12;-3.2088;5;nur SLC6A19
O=c1[n-]cnc2c1[nH+]cn2[C@H]1CC[C@@H](CO)O1;-4.93483;5;nur SLC6A19
O=c1[nH]c(=O)n([C@@H]2O[C@H](CO)[C@@H](O)[C@@H]2O)cc1/C=C/Br;-3.44825;5;nur SLC6A19
O=c1[nH]c(=O)n([C@H]2C[C@H](O)[C@@H](CO)O2)cc1C(F)(F)F;-6.73509;5;nur SLC6A19
O=c1[nH]c(=O)n([C@H]2C[C@H](O)[C@@H](CO)O2)cc1F;-6.36167;5;nur SLC6A19
O=c1[nH]c(=O)n([C@H]2C[C@H](O)[C@@H](CO)O2)cc1I;-6.3334;5;nur SLC6A19
O=c1[nH]cnc2c([C@@H]3N[C@H](CO)[C@@H](O)[C@H]3O)c[nH]c12;-4.37043;5;nur SLC6A19
O=c1[nH]cnc2c([C@@H]3[NH2+][C@H](CO)[C@@H](O)[C@H]3O)c[nH]c12;-6.0055;5;nur SLC6A19
O=c1[nH]cnc2c1ncn2[C@@H]1O[C@H](CO)[C@@H](O)[C@H]1O;-5.27212;5;nur SLC6A19
O=c1[nH]cnc2c1ncn2[C@H]1CC[C@@H](CO)O1;-7.67824;5;nur SLC6A19
O=c1ccn([C@@H]2O[C@H](CO)[C@@H](O)[C@H]2O)c(=O)[nH]1;-8.05594;5;nur SLC6A19
O=c1nc[nH]c2c([C@@H]3[NH2+][C@H](CO)[C@@H](O)[C@H]3O)c[nH]c12;-6.00126;5;nur SLC6A19
OC[C@H]1O[C@@H](n2c[nH+]c3c2N=CNC[C@H]3O)C[C@@H]1O;-6.48352;5;nur SLC6A19
[H]/N=C(/N)N/N=C(C)/C=N/N=C(N)N;-3.43444;5;nur SLC6A19
[H]/N=C(/N)N/N=C/C(C)=N/N=C(N)N;-5.50318;5;nur SLC6A19
[H]/N=C(/N)c1ncn([C@@H]2O[C@H](CO)[C@@H](O)[C@H]2O)n1;-6.56512;5;nur SLC6A19
[H]/N=C(/N=C(N)N)NCCCCCC;0.683412;5;nur SLC6A19
[H]/N=C(\N)N/N=C(C)/C=N/N=C(N)N;-4.3886;5;nur SLC6A19
[H]/N=C(\N)N/N=C/C(C)=N/N=C(N)N;-5.05157;5;nur SLC6A19
[H]/N=C(\N)c1ncn([C@@H]2O[C@H](CO)[C@@H](O)[C@H]2O)n1;-7.07001;5;nur SLC6A19
[H]/N=C(\N=C(N)N)NCCCCCC;0.721958;5;nur SLC6A19
[N-]=[N+]=N[C@]1(CO)O[C@@H](n2ccc(N)nc2=O)[C@@H](F)[C@@H]1O;-5.25401;5;nur SLC6A19
[NH3+]CCONC(=O)[C@@H]1CC[C@@H]2CN1C(=O)N2OS(=O)(=O)[O-];-6.12167;5;nur SLC6A19
[NH3+][C@@H](CCC(=O)N[C@@H](CS)C(=O)NCC(=O)[O-])C(=O)[O-];-3.3408;5;nur SLC6A19
[NH3+][C@@H](Cc1c[nH]c2ccc(O)cc12)C(=O)[O-];-7.19995;5;nur SLC6A19
[NH3+][C@@H](Cc1ccc(OP(=O)([O-])O)c(O)c1)C(=O)[O-];-5.90876;5;nur SLC6A19
[NH3+][C@@H](Cc1ccc(OP(=O)([O-])[O-])c(O)c1)C(=O)[O-];-6.72548;5;nur SLC6A19
[NH3+][C@H](CO)C(=O)NNCc1ccc(O)c(O)c1O;-5.4834;5;nur SLC6A19
[O-][n+]1c(CO)c(CO)[n+]([O-])c2ccccc21;-5.22189;5;nur SLC6A19
c1ccc([C@H]2CN3CCSC3=N2)cc1;-3.9729;5;nur SLC6A19
c1ccc2[nH]c(-c3cscn3)nc2c1;-5.86867;5;nur SLC6A19
c1ccc2c(CC3=[NH+]CCN3)cccc2c1;-4.87894;5;nur SLC6A19
c1ccc2cc([C@]34C[NH2+]C[C@H]3C4)ccc2c1;-6.73847;5;nur SLC6A19
c1cnc2c(c1)O[C@H]1CC[N@@H+]3CC[C@@]1(C2)C3;-7.16715;5;nur SLC6A19
c1cnc2cc3c(cc2n1)[C@@H]1C[NH2+]C[C@H]3C1;-7.89762;5;nur SLC6A19
C=CC[C@@]1([C@H](C)CCC)C(=O)[N-]C(=O)NC1=O;5;-2.7635;nur SLC6A20
C=CC[C@]1([C@@H](C)CCC)C(=O)[N-]C(=O)NC1=O;5;-2.56242;nur SLC6A20
CC[C@H](C)C(C)(COC(N)=O)COC(N)=O;5;1.93238;nur SLC6A20
NC(=O)OCC(COC(N)=O)c1ccccc1;5;-5.74718;nur SLC6A20
NNc1n[nH+]c(NN)c2ccccc12;5;-6.54811;nur SLC6A20
O=[N+]([O-])OCC(CO[N+](=O)[O-])O[N+](=O)[O-];5;-1.64582;nur SLC6A20
Oc1c(Br)cc(Br)c2cccnc12;5;-3.0975;nur SLC6A20
S1SSSSSSS1;5;-4.20979;nur SLC6A20
[O-]c1c(Br)cc(Br)c2cccnc12;5;-3.77207;nur SLC6A20
